image,accuracy,coral_cover,coral_cover_pred,pct_bleached_true,pct_bleached_pred,cover_true__branching_acropora,cover_pred__branching_acropora,cover_true__finger_acropora,cover_pred__finger_acropora,cover_true__finger_porites,cover_pred__finger_porites,cover_true__knob_porites,cover_pred__knob_porites,cover_true__mounding_,cover_pred__mounding_,cover_true__oddball,cover_pred__oddball,cover_true__pocillopora_,cover_pred__pocillopora_,cover_true__table_acropora,cover_pred__table_acropora,cover_healthy_true__branching_acropora,cover_healthy_pred__branching_acropora,cover_healthy_true__finger_acropora,cover_healthy_pred__finger_acropora,cover_healthy_true__finger_porites,cover_healthy_pred__finger_porites,cover_healthy_true__knob_porites,cover_healthy_pred__knob_porites,cover_healthy_true__mounding_,cover_healthy_pred__mounding_,cover_healthy_true__oddball,cover_healthy_pred__oddball,cover_healthy_true__pocillopora_,cover_healthy_pred__pocillopora_,cover_healthy_true__table_acropora,cover_healthy_pred__table_acropora,image_id,filename,DateTimeUTC,DateTimeLocal,latPhoto,lonPhoto,NorthPhoto_UTM,EastPhoto_UTM,Depth_WaterSurface,HoboTempPhoto,photo_tide
data/versions/1.4/train\GPAB6151_jpg.rf.c36cadd2306d5b5385f070e07094abae.jpg,0.7855720520019531,0.31925995202823765,0.11900569016540465,0.10407932816487844,0.05939722270765839,0.03968328650741373,0.0,0.009107529339015177,0.029396627381544506,0.0,0.0,0.0015296040313179944,0.0015872162358874103,0.04357403072266829,0.029360139651983877,0.0037515147208784707,0.0,0.00421817357789074,0.0,0.21832144921580188,0.05866170689598885,0.003672778041300269,0.0,0.0046944344689979125,0.017652379480069057,0.0,0.0,0.0015296040313179944,0.0015872162358874103,0.034620133929171557,0.029360139651983877,0.0037515147208784707,0.0,0.00421817357789074,0.0,0.16561012284842422,0.011008732089805904,GPAB6151,GPAB6151.JPG,2024-10-04 01:11:55.000,2024-10-04 13:11:55.000,7.170167099,171.138620319,792562.6278342648,515305.1575997621,-3.323216718031555,31.40889257812499,-0.2463333333333334
data/versions/1.4/train\GPAB6151_jpg.rf.c36cadd2306d5b5385f070e07094abae.jpg,0.7855720520019531,0.31925995202823765,0.11900569016540465,0.10407932816487844,0.05939722270765839,0.03968328650741373,0.0,0.009107529339015177,0.029396627381544506,0.0,0.0,0.0015296040313179944,0.0015872162358874103,0.04357403072266829,0.029360139651983877,0.0037515147208784707,0.0,0.00421817357789074,0.0,0.21832144921580188,0.05866170689598885,0.003672778041300269,0.0,0.0046944344689979125,0.017652379480069057,0.0,0.0,0.0015296040313179944,0.0015872162358874103,0.034620133929171557,0.029360139651983877,0.0037515147208784707,0.0,0.00421817357789074,0.0,0.16561012284842422,0.011008732089805904,GPAB6151,GPAB6151.JPG,2024-10-02 03:19:28.992,2024-10-02 15:19:28.992,7.13180066748,171.0510507608,788319.3252863372,505637.0127674949,-4.776056198134826,31.258706890625,
data/versions/1.4/train\GPAB6428_jpg.rf.b16d2b18243733f492c9084c55db4346.jpg,0.9427556991577148,0.3573454600622596,0.31220533757871266,0.12087328579686321,0.11279413430941211,0.010854139340877972,0.0,0.21670350647081077,0.20535102156040735,0.0,0.0015296040313179944,0.0031408253524426613,0.0,0.001235781788013973,0.001329881722144019,0.0020317904144814035,0.0,0.0012943541959928792,0.0,0.12232607355542198,0.10399483026484331,0.005269596311282582,0.0,0.1032842797418205,0.09388676897313927,0.0,0.0015296040313179944,0.0031408253524426613,0.0,0.001235781788013973,0.0,0.0013519664005622952,0.0,0.0012943541959928792,0.0,0.12232607355542198,0.10399483026484331,GPAB6428,GPAB6428.JPG,2024-10-04 01:21:09.567,2024-10-04 13:21:09.567,7.16915113478,171.13471969174,792450.1871680112,514874.5190367664,-1.944927091431422,31.14291015625,-0.1958838500000001
data/versions/1.4/train\GPAB6428_jpg.rf.b16d2b18243733f492c9084c55db4346.jpg,0.9427556991577148,0.3573454600622596,0.31220533757871266,0.12087328579686321,0.11279413430941211,0.010854139340877972,0.0,0.21670350647081077,0.20535102156040735,0.0,0.0015296040313179944,0.0031408253524426613,0.0,0.001235781788013973,0.001329881722144019,0.0020317904144814035,0.0,0.0012943541959928792,0.0,0.12232607355542198,0.10399483026484331,0.005269596311282582,0.0,0.1032842797418205,0.09388676897313927,0.0,0.0015296040313179944,0.0031408253524426613,0.0,0.001235781788013973,0.0,0.0013519664005622952,0.0,0.0012943541959928792,0.0,0.12232607355542198,0.10399483026484331,GPAB6428,GPAB6428.JPG,2024-10-02 03:28:43.546,2024-10-02 15:28:43.546,7.1336405023,171.04994457544,788522.7005113796,505514.8460005578,-2.389299676687069,31.27824372851563,
data/versions/1.4/train\GPAB3147_jpg.rf.08712d02692fd16b9c2191bf24d63a26.jpg,0.7661066055297852,0.41478290761114833,0.1972881935309176,0.008606303159261258,0.0,0.0,0.0,0.19737077102413375,0.037653416499751305,0.01835524837581593,0.08176516113173414,0.05467782295001373,0.0,0.002901734703479585,0.004876873116801063,0.00980079620066715,0.0,0.0,0.0,0.13248310522101,0.07299274278263107,0.0,0.0,0.1917238147729215,0.037653416499751305,0.01835524837581593,0.08176516113173414,0.05467782295001373,0.0,0.0,0.004876873116801063,0.00980079620066715,0.0,0.0,0.0,0.13248310522101,0.07299274278263107,GPAB3147,GPAB3147.JPG,2024-10-03 23:31:41.000,2024-10-04 11:31:41.000,7.182217117,171.120259045,793894.156824257,513277.5252565527,-3.339718710051053,32.112458984375,-0.6573166666666668
data/versions/1.4/train\GPAB3147_jpg.rf.08712d02692fd16b9c2191bf24d63a26.jpg,0.7661066055297852,0.41478290761114833,0.1972881935309176,0.008606303159261258,0.0,0.0,0.0,0.19737077102413375,0.037653416499751305,0.01835524837581593,0.08176516113173414,0.05467782295001373,0.0,0.002901734703479585,0.004876873116801063,0.00980079620066715,0.0,0.0,0.0,0.13248310522101,0.07299274278263107,0.0,0.0,0.1917238147729215,0.037653416499751305,0.01835524837581593,0.08176516113173414,0.05467782295001373,0.0,0.0,0.004876873116801063,0.00980079620066715,0.0,0.0,0.0,0.13248310522101,0.07299274278263107,GPAB3147,GPAB3147.JPG,2024-10-02 01:39:14.984,2024-10-02 13:39:14.984,7.1462638276,171.0426301242,789918.0930633604,504707.0600672605,-2.632396601137239,31.100009765625,
data/versions/1.4/train\GPAB3122_jpg.rf.dfef5ccb273d37124bbe24778f8a3383.jpg,0.4116353988647461,0.737542801066978,0.14793853930016534,0.6356469754552805,0.014548041857187027,0.0,0.0,0.03936257856864398,0.06276177545451228,0.0,0.0,0.0,0.08517676384565306,0.0,0.0,0.0,0.0,0.0,0.0,0.698180222498334,0.0,0.0,0.0,0.03936257856864398,0.04821373359732526,0.0,0.0,0.0,0.08517676384565306,0.0,0.0,0.0,0.0,0.0,0.0,0.0627406509795035,0.0,GPAB3122,GPAB3122.JPG,2024-10-03 23:30:50.955,2024-10-04 11:30:50.955,7.181925151,171.1208841305,793861.8988306188,513346.54812583,-1.961761404659851,32.00091796875,-0.6581507500000001
data/versions/1.4/train\GPAB3122_jpg.rf.dfef5ccb273d37124bbe24778f8a3383.jpg,0.4116353988647461,0.737542801066978,0.14793853930016534,0.6356469754552805,0.014548041857187027,0.0,0.0,0.03936257856864398,0.06276177545451228,0.0,0.0,0.0,0.08517676384565306,0.0,0.0,0.0,0.0,0.0,0.0,0.698180222498334,0.0,0.0,0.0,0.03936257856864398,0.04821373359732526,0.0,0.0,0.0,0.08517676384565306,0.0,0.0,0.0,0.0,0.0,0.0,0.0627406509795035,0.0,GPAB3122,GPAB3122.JPG,2024-10-02 01:38:24.934,2024-10-02 13:38:24.934,7.145681761419999,171.0426730472,789853.7476846308,504711.8054280496,-2.745926880580166,31.100009765625,
data/versions/1.4/train\GPAB3221_jpg.rf.282c36bdc0cea355aa4fcf9c84347ea0.jpg,0.9354648590087891,0.22971810348304184,0.23460937965098527,0.04335702475212349,0.04019699533149102,0.0,0.0,0.22249545343685606,0.22829028101312981,0.0,0.0,0.0,0.0,0.007252416351879982,0.006319098637855443,0.0,0.0,0.0,0.0,0.0,0.0,0.0,0.0,0.17919796129612098,0.1880932856816388,0.0,0.0,0.0,0.0,0.007252416351879982,0.006319098637855443,0.0,0.0,0.0,0.0,0.0,0.0,GPAB3221,GPAB3221.JPG,2024-10-03 23:34:09.153,2024-10-04 11:34:09.153,7.18278753202,171.11936130039,793957.1889411682,513178.3907687407,-1.679861291634516,32.47282226562499,-0.6493898000000001
data/versions/1.4/train\GPAB3221_jpg.rf.282c36bdc0cea355aa4fcf9c84347ea0.jpg,0.9354648590087891,0.22971810348304184,0.23460937965098527,0.04335702475212349,0.04019699533149102,0.0,0.0,0.22249545343685606,0.22829028101312981,0.0,0.0,0.0,0.0,0.007252416351879982,0.006319098637855443,0.0,0.0,0.0,0.0,0.0,0.0,0.0,0.0,0.17919796129612098,0.1880932856816388,0.0,0.0,0.0,0.0,0.007252416351879982,0.006319098637855443,0.0,0.0,0.0,0.0,0.0,0.0,GPAB3221,GPAB3221.JPG,2024-10-02 01:41:43.132,2024-10-02 13:41:43.132,7.14806858076,171.04250130512,790117.602263986,504692.8179268532,-7.146741174697656,31.09515344140625,
data/versions/1.4/train\GPAB3272_jpg.rf.2b8771d36365460b06cf19eab013370a.jpg,0.19402694702148438,0.899527195841167,0.08951496284973008,0.009101768118558236,0.00901438960829462,0.0,0.0,0.009101768118558236,0.00901438960829462,0.5054981247227412,0.08050057324143546,0.3953762365019406,0.0,0.0,0.0,0.0,0.0,0.0,0.0,0.0,0.0,0.0,0.0,0.0,0.0,0.5054981247227412,0.08050057324143546,0.3953762365019406,0.0,0.0,0.0,0.0,0.0,0.0,0.0,0.0,0.0,GPAB3272,GPAB3272.JPG,2024-10-03 23:35:51.255,2024-10-04 11:35:51.255,7.18248412795,171.1190967639,793923.6407401916,513149.1926145262,-1.733855656553977,32.429921875,-0.6425830000000001
data/versions/1.4/train\GPAB3272_jpg.rf.2b8771d36365460b06cf19eab013370a.jpg,0.19402694702148438,0.899527195841167,0.08951496284973008,0.009101768118558236,0.00901438960829462,0.0,0.0,0.009101768118558236,0.00901438960829462,0.5054981247227412,0.08050057324143546,0.3953762365019406,0.0,0.0,0.0,0.0,0.0,0.0,0.0,0.0,0.0,0.0,0.0,0.0,0.0,0.5054981247227412,0.08050057324143546,0.3953762365019406,0.0,0.0,0.0,0.0,0.0,0.0,0.0,0.0,0.0,GPAB3272,GPAB3272.JPG,2024-10-02 01:43:25.234,2024-10-02 13:43:25.234,7.148838255719999,171.04246955342,790202.6874024305,504689.304186895,-3.198581546907105,31.08613577929687,
data/versions/1.4/train\GPAB3596_jpg.rf.622852fcf571639a210332332c8070c8.jpg,0.9252681732177734,0.47643852873792786,0.44507828538397576,0.45385454454671675,0.3680171607553344,0.02530712106052546,0.0,0.45302972981796463,0.44069111600601474,0.0,0.0,0.0,0.0,0.0,0.002886371448927741,0.0,0.0,0.0,0.0015007979290332864,0.0,0.0,0.0,0.0,0.022583984191211066,0.07556032669960805,0.0,0.0,0.0,0.0,0.0,0.0,0.0,0.0,0.0,0.0015007979290332864,0.0,0.0,GPAB3596,GPAB3596.JPG,2024-10-03 23:46:39.903,2024-10-04 11:46:39.903,7.18184347649,171.11953669869,793852.8308852384,513197.7833183102,-1.655484546465801,31.92840343847656,-0.6229951500000002
data/versions/1.4/train\GPAB3596_jpg.rf.622852fcf571639a210332332c8070c8.jpg,0.9252681732177734,0.47643852873792786,0.44507828538397576,0.45385454454671675,0.3680171607553344,0.02530712106052546,0.0,0.45302972981796463,0.44069111600601474,0.0,0.0,0.0,0.0,0.0,0.002886371448927741,0.0,0.0,0.0,0.0015007979290332864,0.0,0.0,0.0,0.0,0.022583984191211066,0.07556032669960805,0.0,0.0,0.0,0.0,0.0,0.0,0.0,0.0,0.0,0.0015007979290332864,0.0,0.0,GPAB3596,GPAB3596.JPG,2024-10-02 01:54:13.882,2024-10-02 13:54:13.882,7.1427421314,171.04193974804,789528.7722500651,504630.8667236873,-1.389161549925641,31.34933825585937,
data/versions/1.4/train\GPAB6723_jpg.rf.a9391a805eef75647fdc4a53714dddc1.jpg,0.954798698425293,0.15188497531317033,0.12604686176719676,0.021028454667836833,0.0036891014992616036,0.0,0.0,0.003802405501581455,0.006714702442565433,0.0,0.0,0.1228964343806592,0.10010696665981722,0.007127589908646248,0.007113186857503894,0.0,0.0,0.0,0.0,0.01805854552228344,0.01211200580731022,0.0,0.0,0.0016563508813707095,0.0030256009433038294,0.0,0.0,0.12023379032614269,0.10010696665981722,0.007127589908646248,0.007113186857503894,0.0,0.0,0.0,0.0,0.0018387895291738603,0.01211200580731022,GPAB6723,GPAB6723.JPG,2024-10-04 01:31:00.157,2024-10-04 13:31:00.157,7.169009831650001,171.13490141795,792434.5723331526,514894.5882126477,-5.923800945880752,31.24090751855469,-0.1299738333333335
data/versions/1.4/train\GPAB6723_jpg.rf.a9391a805eef75647fdc4a53714dddc1.jpg,0.954798698425293,0.15188497531317033,0.12604686176719676,0.021028454667836833,0.0036891014992616036,0.0,0.0,0.003802405501581455,0.006714702442565433,0.0,0.0,0.1228964343806592,0.10010696665981722,0.007127589908646248,0.007113186857503894,0.0,0.0,0.0,0.0,0.01805854552228344,0.01211200580731022,0.0,0.0,0.0016563508813707095,0.0030256009433038294,0.0,0.0,0.12023379032614269,0.10010696665981722,0.007127589908646248,0.007113186857503894,0.0,0.0,0.0,0.0,0.0018387895291738603,0.01211200580731022,GPAB6723,GPAB6723.JPG,2024-10-02 03:38:34.136,2024-10-02 15:38:34.136,7.13088995108,171.05051916216,788218.64168271,505578.3247784511,-1.949139043562465,31.357412109375,
data/versions/1.4/train\GPAB3211_jpg.rf.e3180477b2abc5895fbac51782c7b03b.jpg,0.032431602478027344,0.024096304561158237,0.9982889175242884,0.0,0.0,0.0,0.0,0.0,0.0,0.0,0.9982889175242884,0.024096304561158237,0.0,0.0,0.0,0.0,0.0,0.0,0.0,0.0,0.0,0.0,0.0,0.0,0.0,0.0,0.9982889175242884,0.024096304561158237,0.0,0.0,0.0,0.0,0.0,0.0,0.0,0.0,0.0,GPAB3211,GPAB3211.JPG,2024-10-03 23:33:49.133,2024-10-04 11:33:49.133,7.18289899295,171.11918541537,793969.5056286976,513158.9684994189,-1.671298900481325,32.45623268457031,-0.6503622333333334
data/versions/1.4/train\GPAB3211_jpg.rf.e3180477b2abc5895fbac51782c7b03b.jpg,0.032431602478027344,0.024096304561158237,0.9982889175242884,0.0,0.0,0.0,0.0,0.0,0.0,0.0,0.9982889175242884,0.024096304561158237,0.0,0.0,0.0,0.0,0.0,0.0,0.0,0.0,0.0,0.0,0.0,0.0,0.0,0.0,0.9982889175242884,0.024096304561158237,0.0,0.0,0.0,0.0,0.0,0.0,0.0,0.0,0.0,GPAB3211,GPAB3211.JPG,2024-10-02 01:41:23.112,2024-10-02 13:41:23.112,7.147823964320001,171.04251956316,790090.560772216,504694.8364013807,-7.268157568743455,31.057109375,
data/versions/1.4/train\GPAA1824_jpg.rf.7960a1c97a539b22b8fd18f8f878bb15.jpg,0.8909893035888672,0.2954181013705943,0.24992750464258348,0.0,0.047168072084390354,0.0,0.0,0.2954181013705943,0.24867539939660818,0.0,0.0,0.0,0.0,0.0,0.0012521052459753075,0.0,0.0,0.0,0.0,0.0,0.0,0.0,0.0,0.2954181013705943,0.20150732731221782,0.0,0.0,0.0,0.0,0.0,0.0012521052459753075,0.0,0.0,0.0,0.0,0.0,0.0,GPAA1824,GPAA1824.JPG,2024-10-02 00:42:47.422,2024-10-02 12:42:47.422,7.15182389974,171.04275512308,790532.7451301315,504720.8049010314,-1.71157026448917,31.12327035742188,
data/versions/1.4/train\GPAB3275_jpg.rf.1d25169dab7666cefd953b8af141cd76.jpg,0.8089838027954102,0.9128692222160343,0.7344221399861347,0.0,0.0,0.0,0.0,0.0,0.0,0.701384421275803,0.4731747973490704,0.21421850004704995,0.2599395455933385,0.0,0.001307797043725743,0.0,0.0,0.0,0.0,0.0,0.0,0.0,0.0,0.0,0.0,0.701384421275803,0.4731747973490704,0.21421850004704995,0.2599395455933385,0.0,0.001307797043725743,0.0,0.0,0.0,0.0,0.0,0.0,GPAB3275,GPAB3275.JPG,2024-10-03 23:35:57.261,2024-10-04 11:35:57.261,7.1824924914,171.11908363835,793924.564923179,513147.7432112376,-2.61394537594488,32.41164201855469,-0.6421826
data/versions/1.4/train\GPAB3275_jpg.rf.1d25169dab7666cefd953b8af141cd76.jpg,0.8089838027954102,0.9128692222160343,0.7344221399861347,0.0,0.0,0.0,0.0,0.0,0.0,0.701384421275803,0.4731747973490704,0.21421850004704995,0.2599395455933385,0.0,0.001307797043725743,0.0,0.0,0.0,0.0,0.0,0.0,0.0,0.0,0.0,0.0,0.701384421275803,0.4731747973490704,0.21421850004704995,0.2599395455933385,0.0,0.001307797043725743,0.0,0.0,0.0,0.0,0.0,0.0,GPAB3275,GPAB3275.JPG,2024-10-02 01:43:31.240,2024-10-02 13:43:31.240,7.148813657800001,171.0425394284,790199.9688818763,504697.0197322425,-4.55015948391207,31.0603698046875,
data/versions/1.4/train\GPAB4776_jpg.rf.211c5a333604278aded2096234325892.jpg,0.9775028228759766,0.1593371139742243,0.1550949353110963,0.048110991832509796,0.009604914705131135,0.0,0.0,0.04469266769472445,0.053222154581226484,0.0,0.0,0.00515341169873426,0.0,0.019465243517186682,0.018192013796202586,0.0,0.0,0.0,0.003402960883233504,0.09002867167380738,0.08027780605043372,0.0,0.0,0.011660710204849795,0.053222154581226484,0.0,0.0,0.00515341169873426,0.0,0.006214436466221004,0.008587099091071453,0.0,0.0,0.0,0.003402960883233504,0.08861045123799026,0.08027780605043372,GPAB4776,GPAB4776.JPG,2024-10-04 00:26:02.263,2024-10-04 12:26:02.263,7.17028795306,171.13430565224,792575.8463449406,514828.7677244901,-1.808370225422838,31.53217543066406,-0.4988491333333335
data/versions/1.4/train\GPAB4776_jpg.rf.211c5a333604278aded2096234325892.jpg,0.9775028228759766,0.1593371139742243,0.1550949353110963,0.048110991832509796,0.009604914705131135,0.0,0.0,0.04469266769472445,0.053222154581226484,0.0,0.0,0.00515341169873426,0.0,0.019465243517186682,0.018192013796202586,0.0,0.0,0.0,0.003402960883233504,0.09002867167380738,0.08027780605043372,0.0,0.0,0.011660710204849795,0.053222154581226484,0.0,0.0,0.00515341169873426,0.0,0.006214436466221004,0.008587099091071453,0.0,0.0,0.0,0.003402960883233504,0.08861045123799026,0.08027780605043372,GPAB4776,GPAB4776.JPG,2024-10-02 02:33:36.242,2024-10-02 14:33:36.242,7.14041688232,171.04377458502,789271.7412385489,504833.4886149703,-1.401756759478319,31.43670919140624,
data/versions/1.4/train\GPAB7081_jpg.rf.3a4d82ea49ede4bc2e8f3342f4335a1c.jpg,0.9684486389160156,0.20458573944304362,0.19607641682814086,0.04527839177451351,0.03373482638562153,0.0,0.0,0.15199059768821427,0.13859576012582506,0.0,0.0,0.0,0.0,0.052629709077570995,0.05748065670231582,0.0,0.0,0.0,0.0,0.0,0.0,0.0,0.0,0.11403855792811149,0.12263141823963988,0.0,0.0,0.0,0.0,0.04536481008136764,0.03971017220287946,0.0,0.0,0.0,0.0,0.0,0.0,GPAB7081,GPAB7081.JPG,2024-10-04 01:42:56.873,2024-10-04 13:42:56.873,7.168940021180001,171.13638184477,792426.9032423209,515058.0460758501,-1.984062346899943,31.2287109375,-0.03541693333333348
data/versions/1.4/train\GPAB7081_jpg.rf.3a4d82ea49ede4bc2e8f3342f4335a1c.jpg,0.9684486389160156,0.20458573944304362,0.19607641682814086,0.04527839177451351,0.03373482638562153,0.0,0.0,0.15199059768821427,0.13859576012582506,0.0,0.0,0.0,0.0,0.052629709077570995,0.05748065670231582,0.0,0.0,0.0,0.0,0.0,0.0,0.0,0.0,0.11403855792811149,0.12263141823963988,0.0,0.0,0.0,0.0,0.04536481008136764,0.03971017220287946,0.0,0.0,0.0,0.0,0.0,0.0,GPAB7081,GPAB7081.JPG,2024-10-02 03:50:30.852,2024-10-02 15:50:30.852,7.12500616056,171.0551401812,787568.2635922332,506088.6554201091,-2.328288630131301,31.70554019921875,
data/versions/1.4/train\GPAB3278_sr01_jpg.rf.d17c774961f27e8f42210131d8253a3f.jpg,0.8790149688720703,0.28090846764978694,0.17854694338448657,0.04306896372927641,0.00619811300825967,0.0,0.0,0.0,0.004142317508541009,0.05701591825212253,0.0,0.026040716465376024,0.008445949189876383,0.10891203192484296,0.1281074582839629,0.0009131534424252433,0.0,0.0,0.0,0.08804105061616253,0.037851218402106306,0.0,0.0,0.0,0.004142317508541009,0.05478248512164817,0.0,0.026040716465376024,0.008445949189876383,0.08707316557939634,0.1281074582839629,0.0009131534424252433,0.0,0.0,0.0,0.06921818317992484,0.03165310539384663,GPAB3278,GPAB3278.JPG,2024-10-03 23:36:03.267,2024-10-04 11:36:03.267,7.18249938968,171.11906971146,793925.3271121432,513146.2053759038,-4.263808955096497,32.387021484375,-0.6418366500000001
data/versions/1.4/train\GPAB3278_sr01_jpg.rf.d17c774961f27e8f42210131d8253a3f.jpg,0.8790149688720703,0.28090846764978694,0.17854694338448657,0.04306896372927641,0.00619811300825967,0.0,0.0,0.0,0.004142317508541009,0.05701591825212253,0.0,0.026040716465376024,0.008445949189876383,0.10891203192484296,0.1281074582839629,0.0009131534424252433,0.0,0.0,0.0,0.08804105061616253,0.037851218402106306,0.0,0.0,0.0,0.004142317508541009,0.05478248512164817,0.0,0.026040716465376024,0.008445949189876383,0.08707316557939634,0.1281074582839629,0.0009131534424252433,0.0,0.0,0.0,0.06921818317992484,0.03165310539384663,GPAB3278,GPAB3278.JPG,2024-10-02 01:43:37.246,2024-10-02 13:43:37.246,7.1487904568,171.04260900946,790197.4047851774,504704.7028107476,-4.953255944660532,31.12462600976562,
data/versions/1.4/train\GPAB5312_jpg.rf.3d70e192ee3f95b3382fd9e3119cce55.jpg,0.9378166198730469,0.42987250419128786,0.4146667229986,0.0,0.19077129299070716,0.0,0.026033034838100103,0.36597864891698656,0.3615377081480941,0.060489934187658315,0.0,0.0,0.0,0.003740952483374078,0.00854196953082541,0.0,0.018554010481580417,0.0,0.0,0.0,0.0,0.0,0.026033034838100103,0.36597864891698656,0.17076641515738694,0.060489934187658315,0.0,0.0,0.0,0.003740952483374078,0.00854196953082541,0.0,0.018554010481580417,0.0,0.0,0.0,0.0,GPAB5312,GPAB5312.JPG,2024-10-04 00:43:55.335,2024-10-04 12:43:55.335,7.17154794905,171.13609617565,792715.1941650322,515026.4195488018,-1.707083563105059,31.84935088867187,-0.4106220000000002
data/versions/1.4/train\GPAB5312_jpg.rf.3d70e192ee3f95b3382fd9e3119cce55.jpg,0.9378166198730469,0.42987250419128786,0.4146667229986,0.0,0.19077129299070716,0.0,0.026033034838100103,0.36597864891698656,0.3615377081480941,0.060489934187658315,0.0,0.0,0.0,0.003740952483374078,0.00854196953082541,0.0,0.018554010481580417,0.0,0.0,0.0,0.0,0.0,0.026033034838100103,0.36597864891698656,0.17076641515738694,0.060489934187658315,0.0,0.0,0.0,0.003740952483374078,0.00854196953082541,0.0,0.018554010481580417,0.0,0.0,0.0,0.0,GPAB5312,GPAB5312.JPG,2024-10-02 02:51:29.314,2024-10-02 14:51:29.314,7.13758167128,171.04527310852,788958.3325111339,504998.9829312926,-2.039550457873629,31.27994258398438,
data/versions/1.4/train\GPAA1561_jpg.rf.a7b20949e4e60e74501e7199abe0113a.jpg,0.9816446304321289,0.10638477655106458,0.09033497656143477,0.06688680930168246,0.07794451176537237,0.0,0.0,0.0,0.0,0.0,0.0,0.0,0.0,0.08351369154041592,0.08304991329363212,0.0,0.0,0.022871085010648655,0.007285063267802651,0.0,0.0,0.0,0.0,0.0,0.0,0.0,0.0,0.0,0.0,0.016626882238733452,0.005105401528259747,0.0,0.0,0.022871085010648655,0.007285063267802651,0.0,0.0,GPAA1561,GPAA1561.JPG,2024-10-02 00:34:00.896,2024-10-02 12:34:00.896,7.149982309599999,171.04180429516,790329.1527115557,504615.8377531922,-0.8921474299322327,31.44794909375,
data/versions/1.4/train\GPAB3216_jpg.rf.6eae2e3fa8c98eff50cf0d32d1c876b1.jpg,0.9959850311279297,0.005669040929630533,0.009711497283584555,0.0,0.0,0.0,0.0,0.005669040929630533,0.009711497283584555,0.0,0.0,0.0,0.0,0.0,0.0,0.0,0.0,0.0,0.0,0.0,0.0,0.0,0.0,0.005669040929630533,0.009711497283584555,0.0,0.0,0.0,0.0,0.0,0.0,0.0,0.0,0.0,0.0,0.0,0.0,GPAB3216,GPAB3216.JPG,2024-10-03 23:33:59.143,2024-10-04 11:33:59.143,7.182848365330001,171.11927469186,793963.9114297905,513168.8267677318,-1.675580096057921,32.47282226562499,-0.6500285666666668
data/versions/1.4/train\GPAB3216_jpg.rf.6eae2e3fa8c98eff50cf0d32d1c876b1.jpg,0.9959850311279297,0.005669040929630533,0.009711497283584555,0.0,0.0,0.0,0.0,0.005669040929630533,0.009711497283584555,0.0,0.0,0.0,0.0,0.0,0.0,0.0,0.0,0.0,0.0,0.0,0.0,0.0,0.0,0.005669040929630533,0.009711497283584555,0.0,0.0,0.0,0.0,0.0,0.0,0.0,0.0,0.0,0.0,0.0,0.0,GPAB3216,GPAB3216.JPG,2024-10-02 01:41:33.122,2024-10-02 13:41:33.122,7.14794382852,171.0425108297,790103.8113423677,504693.8708649219,-7.252759449373436,31.06192279882813,
data/versions/1.4/train\GPAB4790_jpg.rf.324575e4a1e1d4a5491d4334fac8caee.jpg,0.9963045120239258,0.0037207882117747822,0.0,0.0,0.0,0.0,0.0,0.0037207882117747822,0.0,0.0,0.0,0.0,0.0,0.0,0.0,0.0,0.0,0.0,0.0,0.0,0.0,0.0,0.0,0.0037207882117747822,0.0,0.0,0.0,0.0,0.0,0.0,0.0,0.0,0.0,0.0,0.0,0.0,0.0,GPAB4790,GPAB4790.JPG,2024-10-04 00:26:30.291,2024-10-04 12:26:30.291,7.17037294113,171.13469172464,792585.2540651899,514871.3915296992,-1.67381953651351,31.56029234667968,-0.4969806000000001
data/versions/1.4/train\GPAB4790_jpg.rf.324575e4a1e1d4a5491d4334fac8caee.jpg,0.9963045120239258,0.0037207882117747822,0.0,0.0,0.0,0.0,0.0,0.0037207882117747822,0.0,0.0,0.0,0.0,0.0,0.0,0.0,0.0,0.0,0.0,0.0,0.0,0.0,0.0,0.0,0.0037207882117747822,0.0,0.0,0.0,0.0,0.0,0.0,0.0,0.0,0.0,0.0,0.0,0.0,0.0,GPAB4790,GPAB4790.JPG,2024-10-02 02:34:04.270,2024-10-02 14:34:04.270,7.1401387886,171.0439500369,789241.0005921138,504852.8645413814,-1.491597724400327,31.43347450195312,
data/versions/1.4/train\GPAB2655_jpg.rf.f6447f0af26bc53ad3f8f712bdc5f983.jpg,0.9435110092163086,0.05877885171194666,0.0037467137038310195,0.0,0.0,0.0,0.0,0.0,0.0,0.05877885171194666,0.0037467137038310195,0.0,0.0,0.0,0.0,0.0,0.0,0.0,0.0,0.0,0.0,0.0,0.0,0.0,0.0,0.05877885171194666,0.0037467137038310195,0.0,0.0,0.0,0.0,0.0,0.0,0.0,0.0,0.0,0.0,GPAB2655,GPAB2655.JPG,2024-10-02 01:22:50.000,2024-10-02 13:22:50.000,7.145272014,171.041522963,789808.4396279046,504584.821300528,-1.145383316846183,31.49469335937499,
data/versions/1.4/train\GPAB6643_jpg.rf.d790114b6394a3a5aa132aa793ce2dbc.jpg,0.8749780654907227,0.28618478538493597,0.21036040274771808,0.1599285992744703,0.1332263026599555,0.0015852958290684298,0.0,0.23195825803738263,0.177468634955629,0.0,0.0,0.0,0.0,0.0401701096360253,0.020587721302880804,0.0,0.0,0.012626674834797003,0.012304046489208274,0.0,0.0,0.0015852958290684298,0.0,0.10131874336259393,0.06483005359855432,0.0,0.0,0.0,0.0,0.011556048033215357,0.0,0.0,0.0,0.012626674834797003,0.012304046489208274,0.0,0.0,GPAB6643,GPAB6643.JPG,2024-10-04 01:28:19.997,2024-10-04 13:28:19.997,7.16942434178,171.13700360692,792480.4641821734,515126.679561913,-1.99967191775625,31.25872834082031,-0.1526671666666668
data/versions/1.4/train\GPAB6643_jpg.rf.d790114b6394a3a5aa132aa793ce2dbc.jpg,0.8749780654907227,0.28618478538493597,0.21036040274771808,0.1599285992744703,0.1332263026599555,0.0015852958290684298,0.0,0.23195825803738263,0.177468634955629,0.0,0.0,0.0,0.0,0.0401701096360253,0.020587721302880804,0.0,0.0,0.012626674834797003,0.012304046489208274,0.0,0.0,0.0015852958290684298,0.0,0.10131874336259393,0.06483005359855432,0.0,0.0,0.0,0.0,0.011556048033215357,0.0,0.0,0.0,0.012626674834797003,0.012304046489208274,0.0,0.0,GPAB6643,GPAB6643.JPG,2024-10-02 03:35:53.976,2024-10-02 15:35:53.976,7.13269264652,171.04982315536,788417.9162562031,505501.450189246,-1.838252469977158,31.357412109375,
data/versions/1.4/train\GPAB3101_jpg.rf.9af4c1f6beeea80333d501a543c1814b.jpg,0.8674850463867188,0.40226473576162375,0.3809155731550172,0.05324808007328272,0.0021316515690683914,0.0,0.0,0.0,0.0,0.0,0.0,0.0,0.0,0.3938639161319934,0.3721431548059141,0.0,0.0,0.0,0.0,0.008400819629630341,0.008772418349103073,0.0,0.0,0.0,0.0,0.0,0.0,0.0,0.0,0.3407905930792379,0.3700115032368457,0.0,0.0,0.0,0.0,0.008400819629630341,0.008772418349103073,GPAB3101,GPAB3101.JPG,2024-10-03 23:30:08.913,2024-10-04 11:30:08.913,7.181867211749999,171.12094311031,793855.4955015458,513353.0616552514,-1.842105809368846,31.89758379785156,-0.6588514500000001
data/versions/1.4/train\GPAB3101_jpg.rf.9af4c1f6beeea80333d501a543c1814b.jpg,0.8674850463867188,0.40226473576162375,0.3809155731550172,0.05324808007328272,0.0021316515690683914,0.0,0.0,0.0,0.0,0.0,0.0,0.0,0.0,0.3938639161319934,0.3721431548059141,0.0,0.0,0.0,0.0,0.008400819629630341,0.008772418349103073,0.0,0.0,0.0,0.0,0.0,0.0,0.0,0.0,0.3407905930792379,0.3700115032368457,0.0,0.0,0.0,0.0,0.008400819629630341,0.008772418349103073,GPAB3101,GPAB3101.JPG,2024-10-02 01:37:42.892,2024-10-02 13:37:42.892,7.14521875488,171.04270910076,789802.563953325,504715.7910799137,-3.663785553513005,31.14291015625,
data/versions/1.4/train\GPAB6677_jpg.rf.fe0934180b433aa2bdd28762cc4c938e.jpg,0.9234333038330078,0.4725612273704061,0.4186726916229934,0.11173502994874435,0.010403803941827036,0.035777179037607326,0.015332528042740575,0.4156653345444699,0.3821436733157552,0.011040418802319082,0.011221897246712744,5.665200115992572e-05,0.0,0.0,0.0010552635470298028,0.0,0.0,0.010082135799647797,0.008919329470755084,0.0,0.0,0.0,0.015332528042740575,0.3403661831722432,0.37173986937392817,0.011040418802319082,0.011221897246712744,5.665200115992572e-05,0.0,0.0,0.0010552635470298028,0.0,0.0,0.010082135799647797,0.008919329470755084,0.0,0.0,GPAB6677,GPAB6677.JPG,2024-10-04 01:29:28.000,2024-10-04 13:29:28.000,7.169248465,171.136124449,792460.9925442482,515029.6166078325,-1.96829827525842,31.31451171875,-0.1422666666666668
data/versions/1.4/train\GPAB6677_jpg.rf.fe0934180b433aa2bdd28762cc4c938e.jpg,0.9234333038330078,0.4725612273704061,0.4186726916229934,0.11173502994874435,0.010403803941827036,0.035777179037607326,0.015332528042740575,0.4156653345444699,0.3821436733157552,0.011040418802319082,0.011221897246712744,5.665200115992572e-05,0.0,0.0,0.0010552635470298028,0.0,0.0,0.010082135799647797,0.008919329470755084,0.0,0.0,0.0,0.015332528042740575,0.3403661831722432,0.37173986937392817,0.011040418802319082,0.011221897246712744,5.665200115992572e-05,0.0,0.0,0.0010552635470298028,0.0,0.0,0.010082135799647797,0.008919329470755084,0.0,0.0,GPAB6677,GPAB6677.JPG,2024-10-02 03:37:02.000,2024-10-02 15:37:02.000,7.13192278,171.050088453,788332.8128397319,505530.7534791321,-2.157316737857645,31.31451171875,
data/versions/1.4/train\GPAB5236_jpg.rf.c1137ff7d5cba4f3f3f0a4a9cce4bce8.jpg,0.9394254684448242,0.23481006216356873,0.17819358852979414,0.13423643664673923,0.13393973379320676,0.0,0.0,0.15326190700237938,0.13495370859362849,0.0,0.0,0.0,0.0,0.04967516318656944,0.043239879936165675,0.0,0.0,0.022569581140068712,0.0,0.009392709751633786,0.0,0.0,0.0,0.019845484067344828,0.0010139748004217213,0.0,0.0,0.0,0.0,0.04967516318656944,0.043239879936165675,0.0,0.0,0.021749567428364026,0.0,0.009392709751633786,0.0,GPAB5236,GPAB5236.JPG,2024-10-04 00:41:23.183,2024-10-04 12:41:23.183,7.1708257615,171.13717930095,792635.3936295178,515146.0318214843,-1.898248321935195,31.40109757714843,-0.42284085
data/versions/1.4/train\GPAB5236_jpg.rf.c1137ff7d5cba4f3f3f0a4a9cce4bce8.jpg,0.9394254684448242,0.23481006216356873,0.17819358852979414,0.13423643664673923,0.13393973379320676,0.0,0.0,0.15326190700237938,0.13495370859362849,0.0,0.0,0.0,0.0,0.04967516318656944,0.043239879936165675,0.0,0.0,0.022569581140068712,0.0,0.009392709751633786,0.0,0.0,0.0,0.019845484067344828,0.0010139748004217213,0.0,0.0,0.0,0.0,0.04967516318656944,0.043239879936165675,0.0,0.0,0.021749567428364026,0.0,0.009392709751633786,0.0,GPAB5236,GPAB5236.JPG,2024-10-02 02:48:57.162,2024-10-02 14:48:57.162,7.13903481878,171.0450183531,789118.9711740445,504970.8375623473,-9.040427148393878,31.2287109375,
data/versions/1.4/train\GPAB2353_sr01_jpg.rf.29894216426e441591a88b20b398f901.jpg,0.8236780166625977,0.20769199747274464,0.1264578288264586,0.05269404270600684,0.016381070165903944,0.0,0.0,0.0,0.048288629463265495,0.12639253499461325,0.024118389239576512,0.005347372787451294,0.0,0.0,0.008986543709419403,0.0,0.02288452785838152,0.07595208969068007,0.022179738555815665,0.0,0.0,0.0,0.0,0.0,0.03567539747620136,0.12639253499461325,0.024118389239576512,0.005347372787451294,0.0,0.0,0.008986543709419403,0.0,0.02288452785838152,0.023258046984673233,0.01841190037697586,0.0,0.0,GPAB2353,GPAB2353.JPG,2024-10-02 01:12:45.396,2024-10-02 13:12:45.396,7.15252229256,171.04175601128,790609.9404291055,504610.4809940387,-1.269251374133527,31.54358264453125,
data/versions/1.4/train\GPAA1891_jpg.rf.a952fa0c9498a5361ba45b62377834e6.jpg,0.96710205078125,0.37523693019129173,0.3521824463294304,0.31568127392106743,0.0,0.0,0.0,0.06468218227349282,0.03287256372389927,0.0,0.0,0.0,0.0,0.3105547479177989,0.31930988260553117,0.0,0.0,0.0021422138065727843,0.0,0.0,0.0,0.0,0.0,0.059555656270224286,0.03287256372389927,0.0,0.0,0.0,0.0,0.0,0.31930988260553117,0.0,0.0,0.0021422138065727843,0.0,0.0,0.0,GPAA1891,GPAA1891.JPG,2024-10-02 00:45:01.556,2024-10-02 12:45:01.556,7.150099435680001,171.04249250772,790342.1076379736,504691.8258329438,-2.358054440281534,31.01611376171875,
data/versions/1.4/train\GPAB3126_jpg.rf.7f2a9644a452c8bf6f9b43429e1cf1ca.jpg,0.843785285949707,0.5987751645308542,0.46483543073764744,0.299497045454109,0.29395859218816917,0.3264134674289402,0.29395859218816917,0.0546413352204531,0.013675216957960375,0.003188835522917175,0.0,0.21626277310585473,0.15720162159151796,0.0003879221774340676,0.0,0.0,0.0,0.0,0.0,0.0,0.0,0.028929008321122746,0.0,0.05301667105159557,0.013675216957960375,0.003188835522917175,0.0,0.21626277310585473,0.15720162159151796,0.0,0.0,0.0,0.0,0.0,0.0,0.0,0.0,GPAB3126,GPAB3126.JPG,2024-10-03 23:30:58.963,2024-10-04 11:30:58.963,7.181975081859999,171.12079520858,793867.415980475,513336.7289852321,-3.831489782561785,32.02649947167968,-0.6580172833333334
data/versions/1.4/train\GPAB3126_jpg.rf.7f2a9644a452c8bf6f9b43429e1cf1ca.jpg,0.843785285949707,0.5987751645308542,0.46483543073764744,0.299497045454109,0.29395859218816917,0.3264134674289402,0.29395859218816917,0.0546413352204531,0.013675216957960375,0.003188835522917175,0.0,0.21626277310585473,0.15720162159151796,0.0003879221774340676,0.0,0.0,0.0,0.0,0.0,0.0,0.0,0.028929008321122746,0.0,0.05301667105159557,0.013675216957960375,0.003188835522917175,0.0,0.21626277310585473,0.15720162159151796,0.0,0.0,0.0,0.0,0.0,0.0,0.0,0.0,GPAB3126,GPAB3126.JPG,2024-10-02 01:38:32.942,2024-10-02 13:38:32.942,7.145779427680001,171.04266524056,789864.5443414791,504710.9424464954,-2.347634105760966,31.10809219921875,
data/versions/1.4/train\GPAB4553_jpg.rf.943f4941aea2cefec255237b0d6361d3.jpg,0.8957176208496094,0.16702546267401286,0.10117087203753243,0.06724400497001284,0.039126368529909375,0.0,0.0,0.0,0.0,0.007248575538242021,0.0,0.0,0.0,0.12292235987271544,0.08609375810171627,0.0,0.0,0.03686797011078827,0.015077113935816164,0.0,0.0,0.0,0.0,0.0,0.0,0.007248575538242021,0.0,0.0,0.0,0.05584639049936339,0.04696738957180689,0.0,0.0,0.03686797011078827,0.015077113935816164,0.0,0.0,GPAB4553,GPAB4553.JPG,2024-10-04 00:18:35.817,2024-10-04 12:18:35.817,7.17145757764,171.1367619231,792705.2256682026,515099.9280371341,-1.994858276041451,31.84140144628905,-0.5308213500000001
data/versions/1.4/train\GPAB4553_jpg.rf.943f4941aea2cefec255237b0d6361d3.jpg,0.8957176208496094,0.16702546267401286,0.10117087203753243,0.06724400497001284,0.039126368529909375,0.0,0.0,0.0,0.0,0.007248575538242021,0.0,0.0,0.0,0.12292235987271544,0.08609375810171627,0.0,0.0,0.03686797011078827,0.015077113935816164,0.0,0.0,0.0,0.0,0.0,0.0,0.007248575538242021,0.0,0.0,0.0,0.05584639049936339,0.04696738957180689,0.0,0.0,0.03686797011078827,0.015077113935816164,0.0,0.0,GPAB4553,GPAB4553.JPG,2024-10-02 02:26:09.796,2024-10-02 14:26:09.796,7.13748772508,171.04487647408,788947.9427392017,504955.1882041376,-1.568249243926014,31.48611328124999,
data/versions/1.4/train\GPAB2398_jpg.rf.744523b9c304a4d1dc044324926e8035.jpg,0.7090673446655273,0.3435540584917509,0.1175096932534188,0.013634888414761783,0.006634045356168251,0.0,0.0,0.023634446721193417,0.04280490779166659,0.26528019695692334,0.01729998482878613,0.0,0.0,0.049309325687553654,0.05257881829686801,0.0,0.0,0.005540373672758837,0.004825982336098079,0.0,0.0,0.0,0.0,0.010065812341686462,0.03617086243549834,0.26528019695692334,0.01729998482878613,0.0,0.0,0.049309325687553654,0.05257881829686801,0.0,0.0,0.005540373672758837,0.004825982336098079,0.0,0.0,GPAB2398,GPAB2398.JPG,2024-10-02 01:14:15.486,2024-10-02 13:14:15.486,7.1514224431,171.04163170536,790488.3538183215,504596.7667794068,-1.440060309622786,31.51405859570312,
data/versions/1.4/train\GPAB6740_jpg.rf.43588fe8737c9d3ec2b756b24d86e2c0.jpg,0.8953542709350586,0.3685654369021534,0.4400112919920956,0.06802080952829047,0.2706794207284871,0.05271612738442512,0.05137376301795772,0.28910380374978634,0.3481015818390968,0.0,0.0,0.0,0.0,0.0,0.020976603683724362,0.0,0.0,0.027226567676096505,0.019559343451316727,0.0,0.0,0.020433128553952868,0.05137376301795772,0.2533659930519681,0.07742216111060968,0.0,0.0,0.0,0.0,0.0,0.020976603683724362,0.0,0.0,0.027226567676096505,0.019559343451316727,0.0,0.0,GPAB6740,GPAB6740.JPG,2024-10-04 01:31:34.191,2024-10-04 13:31:34.191,7.16891572447,171.13445425827,792424.1545245689,514845.219863928,-1.739033733922689,31.26650189160156,-0.1243015000000001
data/versions/1.4/train\GPAB6740_jpg.rf.43588fe8737c9d3ec2b756b24d86e2c0.jpg,0.8953542709350586,0.3685654369021534,0.4400112919920956,0.06802080952829047,0.2706794207284871,0.05271612738442512,0.05137376301795772,0.28910380374978634,0.3481015818390968,0.0,0.0,0.0,0.0,0.0,0.020976603683724362,0.0,0.0,0.027226567676096505,0.019559343451316727,0.0,0.0,0.020433128553952868,0.05137376301795772,0.2533659930519681,0.07742216111060968,0.0,0.0,0.0,0.0,0.0,0.020976603683724362,0.0,0.0,0.027226567676096505,0.019559343451316727,0.0,0.0,GPAB6740,GPAB6740.JPG,2024-10-02 03:39:08.170,2024-10-02 15:39:08.170,7.1305408066,171.0506793703,788180.0466798294,505596.0192001511,-2.335421323718586,31.38388165039062,
data/versions/1.4/train\GPAB2354_sr01_jpg.rf.b1a3c8522b2e4c251d4c92c226a8dd9c.jpg,0.9154748916625977,0.44129796456081255,0.43716044806931903,0.009157459916308671,0.0,0.0,0.0,0.011450425658171427,0.42826800429402967,0.4110505969584597,0.007471342729243763,0.009639482027872785,0.0,0.0,0.0014211010460455943,0.0,0.0,0.009157459916308671,0.0,0.0,0.0,0.0,0.0,0.011450425658171427,0.42826800429402967,0.4110505969584597,0.007471342729243763,0.009639482027872785,0.0,0.0,0.0014211010460455943,0.0,0.0,0.0,0.0,0.0,0.0,GPAB2354,GPAB2354.JPG,2024-10-02 01:12:47.398,2024-10-02 13:12:47.398,7.1524987436,171.0417532911,790607.3371282928,504610.1808821131,-1.361723371636197,31.55217130273437,
data/versions/1.4/train\GPAA1740_jpg.rf.a4a2961d6e2a8da43164030238c51515.jpg,0.9563302993774414,0.2551106826470119,0.22411435638525665,0.049928656886674874,0.05332105553240398,0.0,0.0,0.049928656886674874,0.05332105553240398,0.03361864177307321,0.0,0.15993628090174622,0.16441851041724678,0.0,0.0,0.0,0.0,0.011816263157187219,0.006374790435605879,0.0,0.0,0.0,0.0,0.0,0.0,0.03361864177307321,0.0,0.15993628090174622,0.16441851041724678,0.0,0.0,0.0,0.0,0.011816263157187219,0.006374790435605879,0.0,0.0,GPAA1740,GPAA1740.JPG,2024-10-02 00:39:59.254,2024-10-02 12:39:59.254,7.151710999680001,171.04239498678,790520.2606567853,504681.0416110524,-0.9872721692422659,31.185810546875,
data/versions/1.4/train\GPAB3228_jpg.rf.92aef0621bb3c3054cd3952cab4294ff.jpg,0.6907968521118164,0.44869153081388763,0.1698551821217807,0.026654286444040304,0.014404011345763487,0.0,0.0,0.419110544377721,0.14899956406765208,0.0,0.0,0.007698910937292957,0.009398470972090728,0.016295612062459313,0.011457147082037858,0.0,0.0,0.005649836861440728,0.0,0.0,0.0,0.0,0.0,0.41641717381410076,0.1383153807302539,0.0,0.0,0.007698910937292957,0.009398470972090728,0.013273851932793443,0.007737319073672567,0.0,0.0,0.0,0.0,0.0,0.0,GPAB3228,GPAB3228.JPG,2024-10-03 23:34:23.167,2024-10-04 11:34:23.167,7.18264550066,171.11943199018,793941.4897439154,513186.1995597187,-3.308467208782542,32.47425513867186,-0.6484555333333335
data/versions/1.4/train\GPAB3228_jpg.rf.92aef0621bb3c3054cd3952cab4294ff.jpg,0.6907968521118164,0.44869153081388763,0.1698551821217807,0.026654286444040304,0.014404011345763487,0.0,0.0,0.419110544377721,0.14899956406765208,0.0,0.0,0.007698910937292957,0.009398470972090728,0.016295612062459313,0.011457147082037858,0.0,0.0,0.005649836861440728,0.0,0.0,0.0,0.0,0.0,0.41641717381410076,0.1383153807302539,0.0,0.0,0.007698910937292957,0.009398470972090728,0.013273851932793443,0.007737319073672567,0.0,0.0,0.0,0.0,0.0,0.0,GPAB3228,GPAB3228.JPG,2024-10-02 01:41:57.146,2024-10-02 13:41:57.146,7.14824223888,171.04248857574,790136.7995642741,504691.4106297524,-7.213646787352102,31.057109375,
data/versions/1.4/train\GPAB2455_sr1_jpg.rf.67a0b9da94a8038d9f23ec6bde7d532e.jpg,0.9781875610351562,0.1030682339746852,0.08217996900463394,0.08367884652684825,0.028856993065410976,0.0,0.0,0.0038292911970471827,0.003740952483374078,0.010807089373812948,0.0,0.0,0.0,0.08843185340382506,0.07843901652125987,0.0,0.0,0.0,0.0,0.0,0.0,0.0,0.0,0.0,0.003740952483374078,0.010807089373812948,0.0,0.0,0.0,0.008646631702459849,0.04958202345584889,0.0,0.0,0.0,0.0,0.0,0.0,GPAB2455,GPAB2455.JPG,2024-10-02 01:16:09.600,2024-10-02 13:16:09.600,7.150047977,171.041493047,790336.4089540915,504581.4705045026,-1.286018296169675,31.463805078125,
data/versions/1.4/train\GPAB4505_jpg.rf.c0c4435a9da13a7d82aa2ec0ddac7d8e.jpg,0.9710359573364258,0.25066206025084353,0.24567764435217956,0.13310915784399768,0.12648855533556227,0.0,0.0,0.11755290240684586,0.12380670721285597,0.0,0.0,0.0,0.0,0.13310915784399768,0.12187093713932359,0.0,0.0,0.0,0.0,0.0,0.0,0.0,0.0,0.11755290240684586,0.11790337665130982,0.0,0.0,0.0,0.0,0.0,0.0012857123653074668,0.0,0.0,0.0,0.0,0.0,0.0,GPAB4505,GPAB4505.JPG,2024-10-04 00:16:59.721,2024-10-04 12:16:59.721,7.171166616210001,171.13574167494,792673.0271249394,514987.2914154136,-1.70588381783919,31.74351562499999,-0.5370139500000002
data/versions/1.4/train\GPAB4505_jpg.rf.c0c4435a9da13a7d82aa2ec0ddac7d8e.jpg,0.9710359573364258,0.25066206025084353,0.24567764435217956,0.13310915784399768,0.12648855533556227,0.0,0.0,0.11755290240684586,0.12380670721285597,0.0,0.0,0.0,0.0,0.13310915784399768,0.12187093713932359,0.0,0.0,0.0,0.0,0.0,0.0,0.0,0.0,0.11755290240684586,0.11790337665130982,0.0,0.0,0.0,0.0,0.0,0.0012857123653074668,0.0,0.0,0.0,0.0,0.0,0.0,GPAB4505,GPAB4505.JPG,2024-10-02 02:24:33.700,2024-10-02 14:24:33.700,7.138206089,171.044318771,789027.3499157528,504893.5998808637,-1.494375628366091,31.48611328124999,
data/versions/1.4/train\GPAB6299_jpg.rf.6a425a67ee66fc745d28df49d8b90f70.jpg,0.9425592422485352,0.19561455898817606,0.20444554974525803,0.003744793297012039,0.019621756672933595,0.0,0.0,0.0,0.0,0.028491155566395185,0.01329977742484968,0.0,0.0,0.16437050024677227,0.19114577232040836,0.0,0.0,0.0,0.0,0.002777868463655341,0.0,0.0,0.0,0.0,0.0,0.028491155566395185,0.01329977742484968,0.0,0.0,0.16062570694976025,0.17152401564747477,0.0,0.0,0.0,0.0,0.002777868463655341,0.0,GPAB6299,GPAB6299.JPG,2024-10-04 01:16:51.309,2024-10-04 13:16:51.309,7.16939621279,171.13477869615,792477.2818741923,514881.0258232671,-4.417494358072756,31.40756695605468,-0.2205794000000001
data/versions/1.4/train\GPAB6299_jpg.rf.6a425a67ee66fc745d28df49d8b90f70.jpg,0.9425592422485352,0.19561455898817606,0.20444554974525803,0.003744793297012039,0.019621756672933595,0.0,0.0,0.0,0.0,0.028491155566395185,0.01329977742484968,0.0,0.0,0.16437050024677227,0.19114577232040836,0.0,0.0,0.0,0.0,0.002777868463655341,0.0,0.0,0.0,0.0,0.0,0.028491155566395185,0.01329977742484968,0.0,0.0,0.16062570694976025,0.17152401564747477,0.0,0.0,0.0,0.0,0.002777868463655341,0.0,GPAB6299,GPAB6299.JPG,2024-10-02 03:24:25.288,2024-10-02 15:24:25.288,7.13080917964,171.0510675306,788209.7192901609,505638.876613065,-3.457582276666683,31.31451171875,
data/versions/1.4/train\GPAB4780_jpg.rf.8a201d1beedd40edffaaf46e84e7a05b.jpg,0.9824438095092773,0.03165406559725612,0.02198577746709863,0.008226062609103113,0.0010917512765904328,0.0,0.0,0.004546563143936411,0.0,0.0,0.0,0.0,0.0,0.007505910051985413,0.004850947624744826,0.002638638969279252,0.0,0.016991759534339755,0.017134829842353805,0.0,0.0,0.0,0.0,0.0,0.0,0.0,0.0,0.0,0.0,0.007505910051985413,0.003759196348154393,0.0,0.0,0.01610645199078973,0.017134829842353805,0.0,0.0,GPAB4780,GPAB4780.JPG,2024-10-04 00:26:10.271,2024-10-04 12:26:10.271,7.170313292019999,171.13441838471,792578.6511503914,514841.2137862026,-2.193127663739976,31.529013671875,-0.4983152666666668
data/versions/1.4/train\GPAB4780_jpg.rf.8a201d1beedd40edffaaf46e84e7a05b.jpg,0.9824438095092773,0.03165406559725612,0.02198577746709863,0.008226062609103113,0.0010917512765904328,0.0,0.0,0.004546563143936411,0.0,0.0,0.0,0.0,0.0,0.007505910051985413,0.004850947624744826,0.002638638969279252,0.0,0.016991759534339755,0.017134829842353805,0.0,0.0,0.0,0.0,0.0,0.0,0.0,0.0,0.0,0.0,0.007505910051985413,0.003759196348154393,0.0,0.0,0.01610645199078973,0.017134829842353805,0.0,0.0,GPAB4780,GPAB4780.JPG,2024-10-02 02:33:44.250,2024-10-02 14:33:44.250,7.1403357205,171.043826968,789262.7695739104,504839.2734768721,-1.461723376974198,31.46680810546874,
data/versions/1.4/train\GPAB3074_jpg.rf.38770129f002645fcdacee0bd4225300.jpg,0.8737125396728516,0.2867042554294702,0.19146936086940658,0.007088221568857147,0.0017975007825657787,0.0,0.0,0.08590075721640872,0.05110298565648147,0.03225899374523499,0.0,0.15393789020266052,0.1403663752129251,0.002309289199824091,0.0,0.002374583031669429,0.0,0.004275785782460156,0.0,0.005897569341089216,0.0,0.0,0.0,0.07882405808846546,0.04930548487391569,0.03225899374523499,0.0,0.15393789020266052,0.1403663752129251,0.002309289199824091,0.0,0.002374583031669429,0.0,0.004275785782460156,0.0,0.005897569341089216,0.0,GPAB3074,GPAB3074.JPG,2024-10-03 23:29:14.859,2024-10-04 11:29:14.859,7.182170356769999,171.12034786485,793888.9901657362,513287.3330239746,-2.80073389696871,31.63076481835938,-0.6612570500000001
data/versions/1.4/train\GPAB3074_jpg.rf.38770129f002645fcdacee0bd4225300.jpg,0.8737125396728516,0.2867042554294702,0.19146936086940658,0.007088221568857147,0.0017975007825657787,0.0,0.0,0.08590075721640872,0.05110298565648147,0.03225899374523499,0.0,0.15393789020266052,0.1403663752129251,0.002309289199824091,0.0,0.002374583031669429,0.0,0.004275785782460156,0.0,0.005897569341089216,0.0,0.0,0.0,0.07882405808846546,0.04930548487391569,0.03225899374523499,0.0,0.15393789020266052,0.1403663752129251,0.002309289199824091,0.0,0.002374583031669429,0.0,0.004275785782460156,0.0,0.005897569341089216,0.0,GPAB3074,GPAB3074.JPG,2024-10-02 01:36:48.838,2024-10-02 13:36:48.838,7.14498044798,171.04258592932,789776.2185218701,504702.1933488834,-2.902752324589335,31.17004036328125,
data/versions/1.4/train\GPAB2365_jpg.rf.3c73bb630d4ec000f6df3e0d510543b6.jpg,0.9394569396972656,0.46313971151648764,0.4242149857025712,0.28566435513699223,0.2870892969966758,0.0,0.0,0.013532146649946324,0.01030586319405903,0.002520533949911949,0.1275726249848768,0.14130257353717812,0.0,0.27523174509288045,0.2863364975236354,0.007791090464604022,0.0,0.022761621821966765,0.0,0.0,0.0,0.0,0.0,0.00309953660583458,0.0,0.002520533949911949,0.1275726249848768,0.14130257353717812,0.0,0.0,0.00955306372101866,0.007791090464604022,0.0,0.022761621821966765,0.0,0.0,0.0,GPAB2365,GPAB2365.JPG,2024-10-02 01:13:09.420,2024-10-02 13:13:09.420,7.152226181600001,171.0417233486,790577.2058399036,504606.8775186095,-1.21919316890974,31.54008197265625,
data/versions/1.4/train\GPAB7027_jpg.rf.5bf488c10f515218c4a6f6359ff04865.jpg,0.7806367874145508,0.1586544093500767,0.36697918086967546,0.021072624024673386,0.05794251454228064,0.0,0.0,0.08516236079451071,0.0910829750174277,0.005308964651071683,0.0054683584170470674,0.0,0.20747403129879033,0.003185954912688704,0.05405273053043557,0.0,0.0,0.0012194583300526383,0.0,0.06377767066175298,0.00890108560597477,0.0,0.0,0.06408973676983733,0.08719319100558262,0.005308964651071683,0.0054683584170470674,0.0,0.20747403129879033,0.003185954912688704,0.0,0.0,0.0,0.0012194583300526383,0.0,0.06377767066175298,0.00890108560597477,GPAB7027,GPAB7027.JPG,2024-10-04 01:41:08.765,2024-10-04 13:41:08.765,7.16928368085,171.13779101405,792464.9404665793,515213.6226530331,-2.0010091155978,31.21054262207031,-0.04897741666666672
data/versions/1.4/train\GPAB7027_jpg.rf.5bf488c10f515218c4a6f6359ff04865.jpg,0.7806367874145508,0.1586544093500767,0.36697918086967546,0.021072624024673386,0.05794251454228064,0.0,0.0,0.08516236079451071,0.0910829750174277,0.005308964651071683,0.0054683584170470674,0.0,0.20747403129879033,0.003185954912688704,0.05405273053043557,0.0,0.0,0.0012194583300526383,0.0,0.06377767066175298,0.00890108560597477,0.0,0.0,0.06408973676983733,0.08719319100558262,0.005308964651071683,0.0054683584170470674,0.0,0.20747403129879033,0.003185954912688704,0.0,0.0,0.0,0.0012194583300526383,0.0,0.06377767066175298,0.00890108560597477,GPAB7027,GPAB7027.JPG,2024-10-02 03:48:42.744,2024-10-02 15:48:42.744,7.12571856392,171.05444338456,787647.0086441007,506011.7048618481,-2.374826495478494,31.614814453125,
data/versions/1.4/train\GPAB4779_jpg.rf.18bd369271c26a99d825e5e4fecce011.jpg,0.9806690216064453,0.06289524372843143,0.04684064272175418,0.010606406861229482,0.04096035704203579,0.0,0.0,0.046407590984074064,0.04096035704203579,0.0,0.0,0.0,0.0,0.0,0.0,0.0,0.0,0.016487652744357366,0.005880285679718392,0.0,0.0,0.0,0.0,0.046407590984074064,0.0,0.0,0.0,0.0,0.0,0.0,0.0,0.0,0.0,0.005881245883127882,0.005880285679718392,0.0,0.0,GPAB4779,GPAB4779.JPG,2024-10-04 00:26:08.269,2024-10-04 12:26:08.269,7.1703067017,171.13439011747,792577.9216922566,514838.092991142,-1.899377776671482,31.529013671875,-0.4984487333333334
data/versions/1.4/train\GPAB4779_jpg.rf.18bd369271c26a99d825e5e4fecce011.jpg,0.9806690216064453,0.06289524372843143,0.04684064272175418,0.010606406861229482,0.04096035704203579,0.0,0.0,0.046407590984074064,0.04096035704203579,0.0,0.0,0.0,0.0,0.0,0.0,0.0,0.0,0.016487652744357366,0.005880285679718392,0.0,0.0,0.0,0.0,0.046407590984074064,0.0,0.0,0.0,0.0,0.0,0.0,0.0,0.0,0.0,0.005881245883127882,0.005880285679718392,0.0,0.0,GPAB4779,GPAB4779.JPG,2024-10-02 02:33:42.248,2024-10-02 14:33:42.248,7.140357144879999,171.0438145128,789265.1378489959,504837.8979768124,-1.454040018468468,31.48398542187499,
data/versions/1.4/train\GPAB3507_jpg.rf.4e59b025d5b8157c9fcb35809d9aa604.jpg,0.6555242538452148,0.3642387603389902,0.07692765635472218,0.0,0.0,0.0,0.0,0.0,0.0,0.3642387603389902,0.07692765635472218,0.0,0.0,0.0,0.0,0.0,0.0,0.0,0.0,0.0,0.0,0.0,0.0,0.0,0.0,0.3642387603389902,0.07692765635472218,0.0,0.0,0.0,0.0,0.0,0.0,0.0,0.0,0.0,0.0,GPAB3507,GPAB3507.JPG,2024-10-03 23:43:41.725,2024-10-04 11:43:41.725,7.18241806625,171.1191363865,793916.338912833,513153.5691570241,-7.698069363736935,32.09765834960937,-0.6256091666666668
data/versions/1.4/train\GPAB3507_jpg.rf.4e59b025d5b8157c9fcb35809d9aa604.jpg,0.6555242538452148,0.3642387603389902,0.07692765635472218,0.0,0.0,0.0,0.0,0.0,0.0,0.3642387603389902,0.07692765635472218,0.0,0.0,0.0,0.0,0.0,0.0,0.0,0.0,0.0,0.0,0.0,0.0,0.0,0.0,0.3642387603389902,0.07692765635472218,0.0,0.0,0.0,0.0,0.0,0.0,0.0,0.0,0.0,0.0,GPAB3507,GPAB3507.JPG,2024-10-02 01:51:15.704,2024-10-02 13:51:15.704,7.144585553719999,171.04197840412,789732.557891349,504635.1164506464,-1.410309245496004,31.1270198515625,
data/versions/1.4/train\GPAB6722_jpg.rf.3905acae98248caaa1018f868607f294.jpg,0.9223928451538086,0.19538891118694585,0.14989159303506855,0.0056776827603159455,0.0012549858562037781,0.0,0.0,0.01196509468565821,0.007565442663373809,0.04613585341918832,0.03335650624228236,0.1216731352369686,0.09721003297338508,0.012642998292758337,0.011759611156027293,0.0,0.0,0.0,0.0,0.002976630569419826,0.0,0.0,0.0,0.007665303817960797,0.006310456807170031,0.04613585341918832,0.03335650624228236,0.1216731352369686,0.09721003297338508,0.011271827824006238,0.011759611156027293,0.0,0.0,0.0,0.0,0.002976630569419826,0.0,GPAB6722,GPAB6722.JPG,2024-10-04 01:30:58.155,2024-10-04 13:30:58.155,7.16901490135,171.13493014905,792435.1337086876,514897.76028053,-5.862160784116668,31.24949617675781,-0.1302460000000001
data/versions/1.4/train\GPAB6722_jpg.rf.3905acae98248caaa1018f868607f294.jpg,0.9223928451538086,0.19538891118694585,0.14989159303506855,0.0056776827603159455,0.0012549858562037781,0.0,0.0,0.01196509468565821,0.007565442663373809,0.04613585341918832,0.03335650624228236,0.1216731352369686,0.09721003297338508,0.012642998292758337,0.011759611156027293,0.0,0.0,0.0,0.0,0.002976630569419826,0.0,0.0,0.0,0.007665303817960797,0.006310456807170031,0.04613585341918832,0.03335650624228236,0.1216731352369686,0.09721003297338508,0.011271827824006238,0.011759611156027293,0.0,0.0,0.0,0.0,0.002976630569419826,0.0,GPAB6722,GPAB6722.JPG,2024-10-02 03:38:32.134,2024-10-02 15:38:32.134,7.13090978516,171.05050813142,788220.8341512892,505577.106524137,-1.889808799282107,31.357412109375,
data/versions/1.4/train\GPAB5449_jpg.rf.7ca6b8e203f3892324683bd29936cf68.jpg,0.9563312530517578,0.06859885198080361,0.09971520366874519,0.054921714616024256,0.0,0.0,0.0,0.0,0.0,0.0,0.0,0.0,0.013461091597644045,0.06859885198080361,0.08625411207110115,0.0,0.0,0.0,0.0,0.0,0.0,0.0,0.0,0.0,0.0,0.0,0.0,0.0,0.013461091597644045,0.013677137364779355,0.08625411207110115,0.0,0.0,0.0,0.0,0.0,0.0,GPAB5449,GPAB5449.JPG,2024-10-04 00:48:29.609,2024-10-04 12:48:29.609,7.17120706766,171.13274311824,792677.4021039875,514656.2177198948,-1.757009651642557,31.872216796875,-0.3985195500000002
data/versions/1.4/train\GPAB5449_jpg.rf.7ca6b8e203f3892324683bd29936cf68.jpg,0.9563312530517578,0.06859885198080361,0.09971520366874519,0.054921714616024256,0.0,0.0,0.0,0.0,0.0,0.0,0.0,0.0,0.013461091597644045,0.06859885198080361,0.08625411207110115,0.0,0.0,0.0,0.0,0.0,0.0,0.0,0.0,0.0,0.0,0.0,0.0,0.0,0.013461091597644045,0.013677137364779355,0.08625411207110115,0.0,0.0,0.0,0.0,0.0,0.0,GPAB5449,GPAB5449.JPG,2024-10-02 02:56:03.588,2024-10-02 14:56:03.588,7.13611586308,171.04720503484,788796.3128850057,505212.3197225597,-2.122636355854315,31.79322859765625,
data/versions/1.4/train\GPAB3526_jpg.rf.6de0fe4f13c40e8de9fa5bfb41b94cbf.jpg,0.9119243621826172,0.09235812514523077,0.04039767784407449,0.0,0.0,0.0,0.0,0.0,0.0,0.09109353725493209,0.035023419361157465,0.0,0.0,0.0012645878902986809,0.005374258482917021,0.0,0.0,0.0,0.0,0.0,0.0,0.0,0.0,0.0,0.0,0.09109353725493209,0.035023419361157465,0.0,0.0,0.0012645878902986809,0.005374258482917021,0.0,0.0,0.0,0.0,0.0,0.0,GPAB3526,GPAB3526.JPG,2024-10-03 23:44:19.763,2024-10-04 11:44:19.763,7.18215671393,171.11963712062,793887.4614354471,513208.8616582171,-11.41652990018474,32.05770521582031,-0.62401185
data/versions/1.4/train\GPAB3526_jpg.rf.6de0fe4f13c40e8de9fa5bfb41b94cbf.jpg,0.9119243621826172,0.09235812514523077,0.04039767784407449,0.0,0.0,0.0,0.0,0.0,0.0,0.09109353725493209,0.035023419361157465,0.0,0.0,0.0012645878902986809,0.005374258482917021,0.0,0.0,0.0,0.0,0.0,0.0,0.0,0.0,0.0,0.0,0.09109353725493209,0.035023419361157465,0.0,0.0,0.0012645878902986809,0.005374258482917021,0.0,0.0,0.0,0.0,0.0,0.0,GPAB3526,GPAB3526.JPG,2024-10-02 01:51:53.742,2024-10-02 13:51:53.742,7.1444021152,171.04174839138,789712.2769603323,504609.7210384679,-1.184900302534828,31.17833729882812,
