image,taxonomy,tp_px,fp_px,fn_px,iou,dice_f1,precision,recall,split
GPAB2751_jpg.rf.5c54bc040bd61f476b2936c0f427baaf.jpg,lcc,99484,93814,37898,0.4303015623107666,0.6016934801016088,0.5146664735279206,0.7241414450219097,train
GPAB2753_jpg.rf.ecc3e09a60fddd4051f8cc1817f5abe0.jpg,lcc,61525,140539,134523,0.18279077920418793,0.3090838758942207,0.30448273814237076,0.3138262058271444,train
GPAB2755_jpg.rf.989ddbf0acb4906444222985aa1c08ad.jpg,lcc,186638,153309,178247,0.3601701293338016,0.5295957050758194,0.5490208767837339,0.5114981432506132,train
GPAB2756_jpg.rf.e3eab669406113c45048b693e012a15e.jpg,lcc,198563,188115,62127,0.44242599792783055,0.6134470656566281,0.513509948846327,0.7616824580919866,train
GPAB2864_jpg.rf.bba294c9d2767e1fca67088d5f57ed2c.jpg,lcc,217476,87835,167462,0.4600008883756052,0.6301378198302352,0.712309743179905,0.5649637084413593,train
GPAB2865_jpg.rf.bc51b557fce1c755711f160a6fb06174.jpg,lcc,207887,153992,13155,0.5543150754331607,0.713259601215259,0.5744654981361174,0.9404864233946489,train
GPAB2869_jpg.rf.f5f4b6550e77b27a16ff75349110b44f.jpg,lcc,277078,132571,149149,0.49584644182692134,0.6629643631352019,0.6763790464519626,0.650071440805017,train
GPAB2870_jpg.rf.bf5e43594708726bc8b61ede51e9e0d6.jpg,lcc,93797,210157,61520,0.2566447955258103,0.40846036436004013,0.30858945761529705,0.6039068485742063,train
GPAB2871_jpg.rf.504bfd08c70eccfa9fd23ba467a0b88b.jpg,lcc,215710,68075,160419,0.48561021512638336,0.6537518525141155,0.7601176947336893,0.5735000491852529,train
GPAB2907_jpg.rf.bf31d322ee0d726153fd605a1778f741.jpg,lcc,165684,172673,242584,0.2851993575939725,0.44382119537920645,0.4896721510120967,0.4058216661604632,train
GPAB2908_jpg.rf.88dda92c5d3e1444f5a1b36c77499932.jpg,lcc,230644,52116,268444,0.41843673122836555,0.5899970326713121,0.8156882161550432,0.46213092681050233,train
GPAB2909_jpg.rf.f8bd8c4e84c1945b4c81d8aa05b48c12.jpg,lcc,403289,96414,32639,0.7575750175638969,0.862068486401156,0.807057392090902,0.9251275439980914,train
GPAB2911_jpg.rf.a892723d63b47464304a3bf61c90205b.jpg,lcc,199079,169650,17915,0.5148896659459348,0.6797718375409536,0.5399060014265219,0.9174401135515268,train
GPAB2912_jpg.rf.bf1be34d721f9328c589ea24f4d294f3.jpg,lcc,945118,49701,22098,0.9293954177184569,0.9634058515775712,0.9500401580589032,0.9771529834080495,train
GPAB2913_jpg.rf.a426d17e675cf5b48b74ca8af4351b03.jpg,lcc,221622,45551,5164,0.8137785170579098,0.897329535447274,0.829507472686237,0.9772296349862867,train
GPAB2915_jpg.rf.a6786972f25a53ecff6281be316a127d.jpg,lcc,232875,87117,322478,0.36246828645695517,0.5320759243498278,0.7277525688142203,0.4193278869475811,train
GPAB2916_jpg.rf.7f634b0de0ff892d3d6e051ea3b40642.jpg,lcc,218882,195841,11211,0.513887128052703,0.6788975459666013,0.5277787824644401,0.9512762230924018,train
GPAB2941_jpg.rf.18f7f408bdbb3d1b44d43910c2e6eba4.jpg,lcc,259189,119386,171042,0.4715811192157448,0.6409175995232479,0.6846437297761342,0.6024414791123838,train
GPAB2942_jpg.rf.1e3195c08fa8efff9464de31cf8e5d3c.jpg,lcc,230812,120728,44757,0.5824217695314373,0.7361144553817598,0.656573931842749,0.837583327587646,train
GPAB2943_jpg.rf.785d4f902aaf6a01200939a608fa2ac6.jpg,lcc,346824,146428,20454,0.6751410339766325,0.8060706773732467,0.7031375442978437,0.9443092153627497,train
GPAB2944_jpg.rf.4c5671d6eb3325a6fb91a55ecd6b13f6.jpg,lcc,214763,100385,3751,0.6734514689603919,0.8048652517885853,0.681467120210187,0.9828340518227665,train
GPAB2946_jpg.rf.4ae04bdc56ebbfb34e63f95e6dec2beb.jpg,lcc,4964,64330,681,0.07093962129331904,0.13248108461548727,0.07163679395041418,0.879362267493357,train
GPAB2949_jpg.rf.7fbf6a8deca8c7aae18c53062828ddff.jpg,lcc,3356,214689,272,0.015372142343473023,0.030278834138573484,0.015391318305854296,0.9250275633958104,train
GPAB2950_jpg.rf.502dd1ed83690517b5d11f810ee8abd0.jpg,lcc,203912,155821,24502,0.5306960584017594,0.6934048800724989,0.5668426305065145,0.8927298676963759,train
GPAB2952_jpg.rf.d5edd999c3d70eee6ea6ae39f932ee17.jpg,lcc,143070,105411,30945,0.5120139142384745,0.6772608498068621,0.5757784297390948,0.8221705025428843,train
GPAB2953_jpg.rf.e9d7fd4bca495dd962d44280979b6764.jpg,lcc,172725,154997,114039,0.39099196171685596,0.5621771692113409,0.527047314492161,0.6023245595681467,train
GPAB2985_jpg.rf.1aa4eb008b359be4a92a854650b08c4f.jpg,lcc,243472,106550,110623,0.5285458433283765,0.6915668844808462,0.6955905628789048,0.6875894886965362,train
GPAB2986_jpg.rf.8384c7104ca8ce5717f2a1895ec3f4e6.jpg,lcc,132960,109973,101735,0.3857625308993002,0.5567512792382356,0.5473113986160794,0.5665225079358316,train
GPAB2987_jpg.rf.8edaf56f6842917821771008f1c445b3.jpg,lcc,284032,157358,13651,0.6241899081621216,0.7686169025251903,0.6434944153696278,0.9541424938609192,train
GPAB2988_jpg.rf.83afaab24b357370faadb37c4a8f2e80.jpg,lcc,162958,105649,18484,0.5676179329898883,0.7241789227395239,0.6066781580524707,0.8981272252289988,train
GPAB2989_jpg.rf.8c0306c24da4ca0fa0a6db116a0c7028.jpg,lcc,352408,36902,394455,0.44963477572997007,0.620342148598849,0.9052117849528654,0.47185092848353716,train
GPAB2990_jpg.rf.26380753fc33e784adf7e3cfce47a36f.jpg,lcc,56360,3726,852655,0.06174807530285152,0.11631398584874023,0.9379888826016044,0.06200117709828771,train
GPAB2991_jpg.rf.349d021fabfa3966b9f88f23b1096169.jpg,lcc,330655,45261,97267,0.6987888406810896,0.8226906416466999,0.8795981017035721,0.7726992302335473,train
GPAB2992_jpg.rf.e4effd5df06ee1d3cc045935c76638eb.jpg,lcc,107845,25490,4786,0.7808008919715322,0.8769098168039485,0.8088273896576292,0.9575072582148787,train
GPAB2994_jpg.rf.399149a84f76c2e820ddc039f29be960.jpg,lcc,57078,80101,5619,0.3997114805529489,0.5711341031439493,0.41608409450426087,0.9103784870089477,train
GPAB2995_jpg.rf.77053a52828cd1b35e1a6b481dda0977.jpg,lcc,42783,3617,826538,0.04901035354171774,0.09344112453465629,0.9220474137931034,0.049214271828242964,train
GPAB2996_jpg.rf.71234c52d0bc86b7485ea41a885640db.jpg,lcc,127837,134223,253437,0.24798786413887958,0.3974203135540792,0.48781576738151566,0.33528905721344754,train
GPAB3022_jpg.rf.4a7028ccc8d0c43d90f9f26c5b803a76.jpg,lcc,145644,77575,128263,0.4143711484514143,0.5859440061473349,0.6524713398053034,0.531727922250983,train
GPAB3023_jpg.rf.2d06d6161234dba9738fbea660799947.jpg,lcc,221279,158416,79092,0.48231314313613943,0.6507574264850764,0.5827809162617364,0.7366856321016343,train
GPAB3024_jpg.rf.962d5da92455184bd060dd0c24c8dab4.jpg,lcc,218160,98893,98217,0.5253449562934958,0.6888211799251693,0.6880868498326779,0.6895570790544192,train
GPAB3025_jpg.rf.0e7dd03ddf2d70bda47a0516e862f4c9.jpg,lcc,72627,131200,51304,0.28466552476962814,0.4431745373110649,0.35631687656689254,0.5860277089670866,train
GPAB3026_jpg.rf.0132f1051a4116579dca9e90f5fe8dac.jpg,lcc,106483,107070,22100,0.4518635451277938,0.6224600743563963,0.4986256339175755,0.8281265797189364,train
GPAB3027_jpg.rf.747b37a57bb87ebb8bad757bc73c82cb.jpg,lcc,163653,122844,25575,0.5244078289625471,0.6880151347942614,0.5712206410538331,0.8648455831060943,train
GPAB3028_jpg.rf.bab6e79b28a15e973dd2a4273d4b3f69.jpg,lcc,269186,117813,51298,0.6141634553738675,0.7609681080676144,0.6955728567774077,0.839935847031365,train
GPAB3029_jpg.rf.9be364b3f26fd5581081ef77d347a1a7.jpg,lcc,332232,123933,55818,0.6489121709119248,0.7870791208400704,0.72831541218638,0.8561577116350986,train
GPAB3031_jpg.rf.ab0edf94425b881b01d5ae81bd81b21d.jpg,lcc,167971,223468,18274,0.4099723464962059,0.5815324641153294,0.42911156016646274,0.901881929716234,train
GPAB3032_jpg.rf.1d597c1e44f74b2246f4f867092f84fd.jpg,lcc,295109,128416,215932,0.4614993658682288,0.6315423415788719,0.6967923971430258,0.5774663872370318,train
GPAB3033_jpg.rf.50b9b3afcefbc3350536ce8c5bc36581.jpg,lcc,155049,187238,43146,0.40227224965169045,0.5737434364141637,0.45297951718879187,0.7823053053810641,train
GPAB3035_jpg.rf.d5c32d9742ccdb6a97e4a8d5755c24d6.jpg,lcc,119150,34907,390878,0.21864993072568287,0.35883960637568985,0.7734150346949505,0.23361462507940742,train
GPAB3036_jpg.rf.73115f2d96e2a173cce8abbe17c95bd0.jpg,lcc,130630,14790,284254,0.30402118815660245,0.46628258945144063,0.8982945949663045,0.31485909314410776,train
GPAB3065_jpg.rf.623b37a3e1def7e946fbe7642cf75b09.jpg,lcc,292589,112487,17124,0.6930104216011369,0.8186723634527112,0.7223064313857153,0.9447101025788391,train
GPAB3066_jpg.rf.c7ab7f595d1fabcf9345d55074498965.jpg,lcc,493127,113511,90413,0.707447518187335,0.82866092298799,0.8128851143515573,0.8450611783253933,train
GPAB3068_jpg.rf.7d5b5b389e42fbf25daa11b1aab52fd6.jpg,lcc,548916,55948,218470,0.6666990553044086,0.8000233193660047,0.9075031742672733,0.7153062474426168,train
GPAB3069_jpg.rf.b4e787e9b2ba7d152d6ea99e92e0ca40.jpg,lcc,405210,104795,113748,0.6496321460578145,0.7876084951548307,0.7945216223370359,0.7808146323979975,train
GPAB3070_jpg.rf.9cd39d8ce8d5b63ee10a306d3f11ec2a.jpg,lcc,220541,293887,70435,0.3770814703614351,0.5476531032872943,0.42871111214786134,0.7579353623666557,train
GPAB3072_jpg.rf.0ac2243c6b202e76c28f399d6eb11d70.jpg,lcc,80629,613396,290483,0.08189776009946084,0.15139648702467381,0.11617593026187817,0.2172632520640669,train
GPAB3075_jpg.rf.3f2d5382731b43b7f93907122f078970.jpg,lcc,491890,116174,137567,0.6596962840869008,0.7949602471392405,0.808944453215451,0.7814513143868446,train
GPAB3077_jpg.rf.e6dd2d28fb69105d93898db9cb337457.jpg,lcc,452018,51195,158306,0.6833031250803075,0.8118598663537898,0.8982637570968953,0.7406197364023044,train
GPAB3080_jpg.rf.78f928f2c19bd787656114709b49bc5b.jpg,lcc,276941,27054,34261,0.818731966321366,0.9003327389437855,0.9110051152157108,0.889907519874551,train
GPAB3096_jpg.rf.a6470fed9e9e1c7e6665b90f39689d33.jpg,lcc,388955,242955,5415,0.6102930216137763,0.7579900222161593,0.6155227801427419,0.9862692395466186,train
GPAB3101_jpg.rf.b62e7eeebc3c25bf04dbff6c796cb5d3.jpg,lcc,255429,104727,147942,0.5027160114781006,0.6690765356038489,0.7092176723419852,0.633235904415538,train
GPAB3103_jpg.rf.57b80bcdb3fdddfed29907c8e94f6a12.jpg,lcc,211831,188560,103704,0.4202203949652347,0.5917678642764755,0.5290603435142148,0.6713391541350405,train
GPAB3104_jpg.rf.e80e02c3e101d1c16303a7ca427c6a49.jpg,lcc,409833,109979,72151,0.692328743519443,0.818196519051783,0.7884254307326495,0.8503041594741734,train
GPAB3116_jpg.rf.ed8a4389d5c8493ac5b2c1d64f48a03b.jpg,lcc,398153,148836,54553,0.6618872830159822,0.7965489474289659,0.7278994641574145,0.879495743374287,train
GPAB3117_jpg.rf.48324a5515ea6a6df152c7f05a2f131c.jpg,lcc,225282,99729,34817,0.626082461620552,0.7700500760540753,0.6931519240887232,0.8661394315241504,train
GPAB3118_jpg.rf.57920e1593dd8f883f267a8dc21b88b2.jpg,lcc,315520,64839,324592,0.44757720749385416,0.6183811200906248,0.8295320999371646,0.4929137400954833,train
GPAB3119_jpg.rf.1eb13bc3f53bc0650f9acc7db755b399.jpg,lcc,377256,94328,115752,0.64231717449637,0.7822084363129697,0.7999762502544615,0.7652127348846266,train
GPAB3120_jpg.rf.5603d780549b726b1d30303f98c1122b.jpg,lcc,295108,111727,266079,0.43855232615163303,0.6097134156041908,0.7253751520886846,0.525863927710371,train
GPAB3121_jpg.rf.1b45c081583cecc29304e3ac5124201e.jpg,lcc,83698,120678,46556,0.3335485310761481,0.5002420583928519,0.40952949465690686,0.6425752759992016,train
GPAB3122_jpg.rf.dfef5ccb273d37124bbe24778f8a3383.jpg,lcc,121362,51527,646749,0.14806780554342283,0.25794261424017,0.7019648444956013,0.158000601475568,train
GPAB3123_jpg.rf.0e78506e475476935d0cdd5fd34e42bc.jpg,lcc,232647,163193,87856,0.48097772154411034,0.6495407926091272,0.5877298908649959,0.7258808809901935,train
GPAB3124_jpg.rf.261f7fde12c4e7185009978cb8d41d5e.jpg,lcc,378212,208911,111316,0.5415104253914802,0.7025712138845364,0.6441784770823149,0.7726054485136703,train
GPAB3125_jpg.rf.cdb4c107b0c18a67d6336053f841f63c.jpg,lcc,441297,57721,65090,0.782291688825544,0.8778492249392036,0.8843308257417568,0.8714619451131249,train
GPAB3127_jpg.rf.a33eb97ca070a71c354688a5df3fe396.jpg,lcc,411324,73584,35890,0.7897956597375566,0.8825540004420023,0.8482516271127719,0.9197475928749994,train
GPAB3128_jpg.rf.9c417291ab540802a566e82e730a3fa4.jpg,lcc,222473,601353,61460,0.25130070960119105,0.401663177640624,0.27004852966524484,0.7835404831421497,train
GPAB3141_jpg.rf.496a8f719ffca8981eff66e05d24afae.jpg,lcc,338779,114192,200255,0.5186244883087936,0.683018734784603,0.7479043912303437,0.6284928223451582,train
GPAB3142_jpg.rf.47763a8ac2730698e4e7bffda081cd94.jpg,lcc,253114,44550,264576,0.450188531587934,0.6208689722500902,0.8503346054611911,0.4889296683343314,train
GPAB3143_jpg.rf.9fc36c71d76476227a44163b79392c05.jpg,lcc,503434,71534,163950,0.6813124054360565,0.8104530761008152,0.8755861195753503,0.7543393308799732,train
GPAB3144_jpg.rf.a2b5b1860a1a0c32d5417f89d91114ef.jpg,lcc,330382,69187,376255,0.42584658376126544,0.5973245489538115,0.8268459264857885,0.46754132602736626,train
GPAB3147_jpg.rf.08712d02692fd16b9c2191bf24d63a26.jpg,lcc,75585,11730,356389,0.17035005318861224,0.29110957482249766,0.865658821508332,0.17497580872922908,train
GPAB3148_jpg.rf.215b32be1c7c28f0b92ea81efb374979.jpg,lcc,204555,60263,49338,0.6511255554565247,0.7887050785504838,0.7724361637048841,0.8056740437901005,train
GPAB3149_jpg.rf.b85de5970d00d2f79e110927d0172e6e.jpg,lcc,286759,113045,58946,0.6250877384196185,0.7692972184105088,0.7172489519864734,0.8294904615206606,train
GPAB3150_jpg.rf.6c8b56def24a487f2d90b80b7048e1f4.jpg,lcc,406081,69542,159479,0.6393949318377206,0.7800377071081644,0.8537875586336237,0.7180157719782163,train
GPAB3151_jpg.rf.2c56a82516e6b16eb781cce5002c00e2.jpg,lcc,358448,59444,223439,0.5589126363765357,0.7170544690376573,0.8577527207986753,0.6160096376100515,train
GPAB3152_jpg.rf.20844ffc2344e194ff3830fb974c5f8f.jpg,lcc,350232,107033,127630,0.5987946554509784,0.749057614634162,0.7659278536516024,0.7329145234398216,train
GPAB3153_jpg.rf.861109ea12d8895926392ecc8c013b29.jpg,lcc,215650,76903,402026,0.31047584220081514,0.4738368037054412,0.7371313915769109,0.34913125975430487,train
GPAB3155_jpg.rf.d0fa59781b378d4a698078e736ac7453.jpg,lcc,719381,227717,683,0.7590160596171478,0.8630007161871491,0.7595634242707724,0.999051473202382,train
GPAB3159_jpg.rf.ed9a35831ae623a1f7ac0a397fdfcda7.jpg,lcc,344257,7348,15822,0.9369398547194409,0.9674434158980671,0.97910154861279,0.9560596424673474,train
GPAB3160_jpg.rf.f7c2f442d5222845a4cf61cc49b880d6.jpg,lcc,446816,20945,17288,0.9211770357221641,0.958971524845337,0.9552228595372423,0.9627497285091272,train
GPAB3161_jpg.rf.cb2162d68a96947fa46eb221ba5066b1.jpg,lcc,214154,176062,598972,0.21649474114121886,0.35593206253916176,0.5488088648338356,0.2633712364381412,train
GPAB3162_jpg.rf.8427e11d3cb16eaac10a9b2e994311b9.jpg,lcc,1033507,255,6623,0.9933889858081383,0.996683530289909,0.9997533281354896,0.9936325267033929,train
GPAB3163_jpg.rf.0e42e962764a40f2e739c5cd3e6b899f.jpg,lcc,0,0,1003111,0.0,0.0,,0.0,train
GPAB3188_jpg.rf.652a96859d459386ddd0760e01ffd599.jpg,lcc,222766,113681,177714,0.43326117694652067,0.6045809150702851,0.6621132005932584,0.5562475029964044,train
GPAB3190_jpg.rf.26f6a121f4430f3d59f86dedf34efe38.jpg,lcc,311194,88028,92796,0.6324849903865306,0.7748738813663143,0.7795011296972612,0.7703012450803237,train
GPAB3191_jpg.rf.e826bca6abc790f4761354a9d8dccd08.jpg,lcc,151841,175695,118314,0.34056521251542,0.5080919739464037,0.46358568218455376,0.562051414928467,train
GPAB3192_jpg.rf.1439ae1e342b14aff4b7668dcbeaf30e.jpg,lcc,446787,64693,68760,0.7700037915345375,0.8700589176331294,0.8735180261202784,0.8666270970444984,train
GPAB3193_jpg.rf.26438fdc8ba83c1997cdc08912b8e571.jpg,lcc,450946,56415,99045,0.743637101216017,0.8529723308794044,0.888806983587623,0.8199152349765724,train
GPAB3196_jpg.rf.b987e9397cd4dc6740305db480e7d1a3.jpg,lcc,63527,135888,33360,0.2729116099237461,0.4287989956193343,0.31856680791314596,0.6556813607604736,train
GPAB3197_jpg.rf.61ef5ee307e4fe0e326bb6dfa6132654.jpg,lcc,213728,118303,34484,0.5831357516063462,0.7366844580632597,0.6436989317262545,0.8610703753243195,train
GPAB3200_jpg.rf.195175530cb552d58d2e1d0d144f0c0f.jpg,lcc,313665,70246,110851,0.6339714852797911,0.7759884318559375,0.8170253001346667,0.738876744339436,train
GPAB3201_jpg.rf.64c5d806908d0ba5fcd43bc8fbac2fe3.jpg,lcc,255845,52625,127358,0.587032040162633,0.7397859971402672,0.829399941647486,0.6676487397019334,train
GPAB3202_jpg.rf.26fcceb9e7688f7eb1ddf902d85cb3e8.jpg,lcc,3184,88292,159989,0.012661801841210506,0.025006970378835182,0.034806943897852986,0.01951303218056909,train
GPAB3203_jpg.rf.f3c3a83f132b77b020cd73afb748d82e.jpg,lcc,31287,88234,148283,0.11682797867096832,0.20921391817206134,0.2617698981768894,0.1742328896809044,train
GPAB3205_jpg.rf.8246c4bca81e9d44ca242b4c3e16fa1b.jpg,lcc,255346,23075,280116,0.45716935493978017,0.6274759394163535,0.9171219124994163,0.47687044085294567,train
GPAB3206_jpg.rf.4e643a6937100e965b0d605f248af3bf.jpg,lcc,25442,3979,392717,0.06026939057843644,0.11368693864783949,0.8647564664695285,0.060842885122644734,train
GPAB3208_jpg.rf.88ac674c1a1d170840701939258f0f75.jpg,lcc,726771,51336,20816,0.9096884180327767,0.9527087345168822,0.9340244979160963,0.9721557490967606,train
GPAB3209_jpg.rf.f6dac21895ad4908531149409119db3c.jpg,lcc,973301,54388,8722,0.9391071688741243,0.9685974905857158,0.9470773745753822,0.9911183342956326,train
GPAB3210_jpg.rf.d299f498373d90b3cc0570fb8429706d.jpg,lcc,25651,17297,568945,0.04192072797041313,0.0804681716085478,0.5972571481791934,0.0431402162140344,train
GPAB3211_jpg.rf.2bbee665257083af1512a10f8e4cb798.jpg,lcc,24833,29380,1683,0.4442715042221268,0.6152188185162705,0.458063564089794,0.9365288882184342,train
GPAB3213_jpg.rf.aad7bced0969440a4a59c024517dbe40.jpg,lcc,2995,1035849,0,0.0028830122713323658,0.005749448811188677,0.0028830122713323658,1.0,train
GPAB3214_jpg.rf.a9331ffc6e7ef157654776be1e3f6aa5.jpg,lcc,0,1038915,0,0.0,0.0,0.0,,train
GPAB3217_jpg.rf.2f1ef4bd35e7cb3d66255acbcc57cad6.jpg,lcc,0,12434,0,0.0,0.0,0.0,,train
GPAB3218_jpg.rf.d9d14010d4157d4108be2e17946d432c.jpg,lcc,55342,79017,12994,0.37557430116794366,0.5460618170157132,0.41189648627929654,0.8098513228752049,train
GPAB3219_jpg.rf.ff338c196dc32a1235219d6a9764c2bc.jpg,lcc,85255,94989,56558,0.3600265200462834,0.5294404406673353,0.47299771420962694,0.6011790174384577,train
GPAB3221_jpg.rf.8d374c772359fb68a5172ca00d2a6e6e.jpg,lcc,225880,142622,13359,0.5915241409832374,0.7433429701139137,0.6129681792771817,0.9441604420683919,train
GPAB3223_jpg.rf.665c44ab9c7d66a0223d88910b91bfc1.jpg,lcc,113054,166329,49422,0.34383297090980974,0.5117198020182909,0.40465597405711873,0.6958196902927202,train
GPAB3224_jpg.rf.3496e1b9cc1114642afead4714dc1e93.jpg,lcc,427024,137341,17963,0.7333049415449712,0.8461349459851469,0.7566450789825734,0.9596325285907229,train
GPAB3225_jpg.rf.83718ce0f906ef09e77f85fef62d54c7.jpg,lcc,1573,21685,4337,0.05700308026816452,0.10785792649478881,0.06763264253160203,0.2661590524534687,train
GPAB3226_jpg.rf.c75bfba17fbb447344c44f31fb1f214a.jpg,lcc,0,39589,0,0.0,0.0,0.0,,train
GPAB3227_jpg.rf.2b959500f6e4dec0055fc1e6488e6c59.jpg,lcc,263620,64808,76632,0.6508171628894485,0.7884787940419932,0.8026721229615015,0.7747786934389805,train
GPAB3228_jpg.rf.92aef0621bb3c3054cd3952cab4294ff.jpg,lcc,61462,39298,405826,0.12132589530701599,0.21639720586992647,0.6099841206828106,0.13152916402732362,train
GPAB3256_jpg.rf.7d206d4c2dfb923b428f093deabfd85f.jpg,lcc,35435,1650,904531,0.03763211330308746,0.07253459645402338,0.9555076176351625,0.037698172061542655,train
GPAB3257_jpg.rf.3ee28745ceb92561a0b0b7379c7e81aa.jpg,lcc,69633,0,899884,0.07182236103131766,0.13401915026704517,1.0,0.07182236103131766,train
GPAB3258_jpg.rf.c7ef61abe1c7481746e6bde8d974d808.jpg,lcc,40081,3491,853859,0.04466192944081495,0.08550503886883581,0.9198797392821078,0.044836342483835605,train
GPAB3260_jpg.rf.2a852c74755eedf1b0bbf6519188576e.jpg,lcc,940290,54843,28513,0.918569505473572,0.957556661724211,0.9448887736614101,0.9705688359759415,train
GPAB3262_jpg.rf.77bd56029fdd05e1a937a6123d894b5b.jpg,lcc,498655,6509,496567,0.4977933197634894,0.6647022832791029,0.9871150755002336,0.5010490121801969,train
GPAB3263_jpg.rf.d701924d1f6c7c918723e49532d90267.jpg,lcc,0,0,973216,0.0,0.0,,0.0,train
GPAB3264_jpg.rf.7edd339bc280e2edab14e6c55b7b5448.jpg,lcc,0,0,966258,0.0,0.0,,0.0,train
GPAB3265_jpg.rf.8995466d2b3f0f2c217c0f02097fd53f.jpg,lcc,797974,238115,1655,0.7689507238779506,0.8693862564947339,0.7701790097182771,0.9979302901720672,train
GPAB3267_jpg.rf.e3a20dea0057ae4369291cfe9aaf4c33.jpg,lcc,35910,505,980738,0.03530442322836388,0.06820104780055894,0.9861320884250996,0.035321960009757555,train
GPAB3268_jpg.rf.29fefe45e6a87e115961b6cbdb159bec.jpg,lcc,1032460,5466,2513,0.9923311217668696,0.9961508013656237,0.9947337286087833,0.9975719173350416,train
GPAB3269_jpg.rf.c2d884cd6974e828bacc14f4aaf2636f.jpg,lcc,1012599,573,27707,0.9728306556285601,0.9862282430101516,0.9994344494320806,0.9733664902442166,train
GPAB3271_jpg.rf.21bf1e78667a608bb741f6939825a79c.jpg,lcc,924187,113999,1171,0.8891911056547461,0.9413458521937884,0.8901940500064536,0.9987345438197973,train
GPAB3272_jpg.rf.2b8771d36365460b06cf19eab013370a.jpg,lcc,931638,98562,5171,0.8998107924599008,0.9472635864909617,0.9043273150844496,0.9944801982047567,train
GPAB3273_jpg.rf.7792a8041112c3f484a16677ed8557f4.jpg,lcc,811758,83466,41450,0.86663876652923,0.928555414222572,0.9067652341760275,0.9514186458636112,train
GPAB3274_jpg.rf.6f8cbaf27e8d238f2d942b271ee4af69.jpg,lcc,502763,13410,454959,0.517708200327041,0.6822236319412169,0.9740203381424445,0.5249571378750828,train
GPAB3275_jpg.rf.1d25169dab7666cefd953b8af141cd76.jpg,lcc,0,3876,950704,0.0,0.0,0.0,0.0,train
GPAB3277_jpg.rf.723ca0b955fa1ca90899447e24f64111.jpg,lcc,46361,263,868507,0.050660506528573505,0.09643553976528146,0.9943591283459162,0.05067507006475251,train
GPAB3278_jpg.rf.67e2d52633a3ffb9fbefaa6b690632d9.jpg,lcc,16587,26618,752394,0.02084844249427161,0.04084532360813902,0.3839138988542993,0.021570103812707988,train
GPAB3280_jpg.rf.9dcf0019e869d86acfed8f793c0121c8.jpg,lcc,0,2623,677863,0.0,0.0,0.0,0.0,train
GPAB3281_jpg.rf.55f02dc1fe6c46a6329e2a014ae50f24.jpg,lcc,4286,634,772657,0.005511994310531304,0.010963557554200672,0.8711382113821138,0.005516492200843563,train
GPAB3288_jpg.rf.7a58e4d38c7055a146449a1c5f7d18bb.jpg,lcc,35639,37788,644591,0.049635245913055105,0.0945761798802373,0.48536641834747435,0.052392573100274904,train
GPAB3405_jpg.rf.0a744a0303d7a1212bd37f5aef217427.jpg,lcc,331302,33420,23025,0.8544282741065695,0.9215004818864917,0.9083685656472601,0.93501765318477,train
GPAB3412_jpg.rf.aabe456f2f3adad085609422103a52ae.jpg,lcc,937630,30165,28207,0.9413936919805382,0.9698122496938404,0.9688312090887017,0.9707952791205969,train
GPAB3413_jpg.rf.d71936d8b4efe613f0112d09b364d35d.jpg,lcc,985925,51145,274,0.9504320649659129,0.9745861771222709,0.9506831747133752,0.9997221656075498,train
GPAB3414_jpg.rf.79f5f83a7d2e3362e7ffb0a7840a4535.jpg,lcc,857413,83974,31255,0.8815298948636806,0.9370352257172598,0.9107975784666668,0.9648293851021978,train
GPAB3415_jpg.rf.90f875249c32b02ae81d4b3bce2a27ef.jpg,lcc,26905,3678,577435,0.04425033469403866,0.08475043430463222,0.8797371088513226,0.044519641261541516,train
GPAB3481_jpg.rf.e4fc253b7043c340198c9e586f1f566a.jpg,lcc,646621,46202,208541,0.7173805477032587,0.8354357438864072,0.9333134148260089,0.7561386029781492,train
GPAB3586_jpg.rf.c59c039c860f1f9b98ea9f314e7dca24.jpg,lcc,228975,38845,13824,0.8129944184857479,0.8968526435561543,0.8549585542528564,0.9430640159143984,train
GPAB3587_jpg.rf.25c7a80ed8216118dd3cb579f5aa563d.jpg,lcc,455034,46281,56117,0.8163040514358703,0.8988627766265731,0.907680799497322,0.890214437612369,train
GPAB3590_jpg.rf.a50fd703628d75dc3f8bdc270e10fd2a.jpg,lcc,282430,110303,40800,0.6514613651094611,0.7889513843592476,0.7191399755049869,0.8737740927512917,train
GPAB3591_jpg.rf.9e62f22fe7bdeccd173ff1e1d01228c6.jpg,lcc,254472,103649,44828,0.6315240886563809,0.7741523316109464,0.7105754758866417,0.8502238556632141,train
GPAB3596_jpg.rf.622852fcf571639a210332332c8070c8.jpg,lcc,477305,74877,18880,0.8358199284841226,0.9105685318213946,0.8643979702344516,0.9619496760280943,train
GPAB3605_jpg.rf.5ac2aa8438d68ded3aa8d984a7d541ea.jpg,lcc,411395,91339,165810,0.6153596472333908,0.7618856250214132,0.8183154511133124,0.7127363761575177,train
GPAB3605_jpg.rf.f4da4dd3d31a95d97b751dc27409bdec.jpg,lcc,419368,75420,176900,0.6243494003168137,0.7687378099749234,0.8475710809477999,0.7033213253100955,train
GPAB3663_jpg.rf.e62d33ea7902a680b354db04cec4a201.jpg,lcc,623238,58032,119818,0.7779894343692578,0.8751339229923487,0.9148179136025364,0.8387497039254107,train
GPAB3676_jpg.rf.cf29c1b5e8ed14be8d55b94129a9427f.jpg,lcc,210088,92039,392461,0.30246419460169194,0.46444915085621813,0.6953632081872855,0.34866541974179693,train
GPAB3709_jpg.rf.a45e2057dad709053cf0cfe214794ee1.jpg,lcc,337758,198067,184770,0.46872098751726005,0.638270973862218,0.6303513273923389,0.6463921550615469,train
GPAB3732_jpg.rf.17cb4bb5e9fdf6d4fc4f7156adfc86f8.jpg,lcc,174198,81086,319191,0.30322990556595153,0.4653513616759253,0.6823694395261748,0.3530642150514097,train
GPAB4073_jpg.rf.6886e5e5c27978f16dcfe556ec6fc71c.jpg,lcc,278679,171073,85915,0.5202467204438579,0.6844240654463828,0.6196281506252335,0.7643543228906674,train
GPAB4076_jpg.rf.c94e7dec6537b171e7a7ec59e4ff64dd.jpg,lcc,333952,79678,48126,0.7232217881305278,0.8393832913581364,0.807368904576554,0.8740414260962421,train
GPAB4077_jpg.rf.c9ad90251943ebe0b020904f23bbbbbd.jpg,lcc,188733,160276,45717,0.47813673282226155,0.6469452009481386,0.5407682896429605,0.8050031989763275,train
GPAB4093_jpg.rf.24dd5cf3a470f49ab60fa436ea11fdfa.jpg,lcc,367263,127085,37174,0.6909648142503979,0.817243278425875,0.7429240130434431,0.9080845718863506,train
GPAB4096_jpg.rf.39c6815800f20b8678d0f61c3e1d2ad6.jpg,lcc,313840,90834,60558,0.6745881624651786,0.8056764971658589,0.7755378403356776,0.8382523410915657,train
GPAB4102_jpg.rf.f6eb7ddcb156cec380829d721e732203.jpg,lcc,186680,95787,193299,0.39237776554020254,0.5636082035365901,0.6608913607607261,0.4912903081486082,train
GPAB4356_jpg.rf.a4c2fab051c83d8f922555d153eea266.jpg,lcc,490468,152875,240132,0.5551577577181018,0.7139568380929923,0.7623740368668036,0.6713222009307419,train
GPAB4410_jpg.rf.9548ace7ba62af809617e4b4a701449f.jpg,lcc,466492,92935,62289,0.7503297325466933,0.8573581521179774,0.8338746610370968,0.8822026510029672,train
GPAB4414_jpg.rf.41fc0520b81a5365ed2cebcb322ec768.jpg,lcc,498181,171561,27917,0.7140752143955714,0.8331900588707519,0.7438401653173908,0.9469357420100437,train
GPAB4429_jpg.rf.9c5778f2144405c14429452fd5c16a8c.jpg,lcc,315113,109179,25511,0.7005577997478897,0.823915305732917,0.74267956973028,0.9251051012259852,train
GPAB4446_jpg.rf.d76aab185399ee99678d32ea3165905d.jpg,lcc,147402,189974,6068,0.42918787342332376,0.6006038553843772,0.4369071896044769,0.96046132794683,train
GPAB4448_jpg.rf.ee36154d05bad5ec4095003019f0d7da.jpg,lcc,453066,168200,153912,0.5844670514385083,0.7377459201917534,0.7292625059153406,0.7464290303767188,train
GPAB4451_jpg.rf.411bce69ce7f9a897fa647a01fb3860d.jpg,lcc,189397,100499,188054,0.39626948425567526,0.5676117522068729,0.6533274001710958,0.5017790388686214,train
GPAB4454_jpg.rf.5c968bee42f968821b240683bc03bef8.jpg,lcc,236394,48996,8155,0.8053075337682468,0.892155512238201,0.828319142226427,0.9666528998278464,train
GPAB4456_jpg.rf.4095bf134e113d9e917e6244502d5524.jpg,lcc,113574,98338,60658,0.416678284477382,0.5882468716333803,0.5359488844425988,0.6518549979337894,train
GPAB4457_jpg.rf.1312e0f6c664f6ad040e3d483a8fbc3f.jpg,lcc,200167,163785,30710,0.5071858957791731,0.6730236757118432,0.5499818657405372,0.8669854511276567,train
GPAB4462_jpg.rf.01068273795b1b0956583030599c0dee.jpg,lcc,383043,57367,182745,0.6146833452351341,0.761367047042431,0.8697418314752162,0.6770079959278034,train
GPAB4479_jpg.rf.e9535a9e7200ff32640d39823eb08211.jpg,lcc,35334,19882,435811,0.07195938308891364,0.13425766726638183,0.6399232106635758,0.07499602033344299,train
GPAB4488_jpg.rf.94af4e778abfecc91782b790f52d8f89.jpg,lcc,266881,95340,4109,0.7285261922310485,0.8429449267305843,0.7367905229128073,0.9848370788589985,train
GPAB4491_jpg.rf.12a0aec71fbb0323e170546f88ad9e24.jpg,lcc,64842,75692,240190,0.170312352255177,0.29105452390891584,0.4613972419485676,0.2125744184216738,train
GPAB4494_jpg.rf.c523c5a95299bacfd030f227431c02c8.jpg,lcc,81139,101065,5971,0.43118905274345687,0.6025605798436027,0.44531953195319535,0.9314544828377913,train
GPAB4498_jpg.rf.b6877a7fc44b00cec0c46af5dbae2b1a.jpg,lcc,72461,118710,18305,0.34591552254196184,0.5140226362627112,0.37903761553792154,0.7983275675913889,train
GPAB4507_jpg.rf.8e55a9561d7c6ba559c55fd404f96b5c.jpg,lcc,165364,127196,5887,0.5540816292340014,0.7130663136493097,0.5652310637134264,0.9656235584025786,train
GPAB4525_jpg.rf.6ac0c98a728c8be78057fee83f71b76c.jpg,lcc,313917,122324,6712,0.7086914413041564,0.8295136549209243,0.7195953612796596,0.9790661481026357,train
GPAB4526_jpg.rf.acbd0ab7d910680595cd55a037d26f3e.jpg,lcc,171143,158494,46222,0.4553383050558853,0.6257490831843394,0.5191862563971884,0.7873530697214363,train
GPAB4528_jpg.rf.5de0daa0ed0222a80389722c2d9b9b6d.jpg,lcc,134350,190179,30404,0.37852214361583736,0.5491709297073473,0.4139845745680663,0.8154581982835014,train
GPAB4529_jpg.rf.d3f81e072c8902d00583b47350aa6ec8.jpg,lcc,95547,131725,11896,0.3994974244046026,0.5709155550244238,0.42040814530606496,0.8892808279739024,train
GPAB4531_jpg.rf.822f10de5d5f23d8920ae0c54a335239.jpg,lcc,899918,36038,18712,0.9426502197622629,0.9704785865956068,0.9614960532332717,0.9796305367775927,train
GPAB4534_jpg.rf.c9971bd4981c506c5892842e85189683.jpg,lcc,228648,132741,11642,0.6129463771107495,0.7600331738352177,0.6326921959439828,0.95155021016272,train
GPAB4535_jpg.rf.d00094f083e5ab28a3b18bd3a5f5e579.jpg,lcc,55430,78393,226674,0.1537599480716899,0.26653715676068157,0.4142038364107814,0.19648782009471685,train
GPAB4536_jpg.rf.626fb5f38e0392a40c4fd81e1b51fa7a.jpg,lcc,488328,74066,46441,0.8020695262263174,0.8901649071286581,0.8683022934099581,0.9131568957811691,train
GPAB4546_jpg.rf.8b2ed08293556ec68404056ddae731eb.jpg,lcc,226968,151106,57955,0.5205341846528556,0.6846727813248024,0.6003269201267477,0.7965941675470215,train
GPAB4553_jpg.rf.943f4941aea2cefec255237b0d6361d3.jpg,lcc,147018,204219,26930,0.3887647520804301,0.5598712834524977,0.41857207526541906,0.8451836180927633,train
GPAB4554_jpg.rf.6b291c5aaa77f010267e5d2c4688d0c7.jpg,lcc,164230,185681,7044,0.4600860052387556,0.6302176770244731,0.4693479198996316,0.958872917080234,train
GPAB4555_jpg.rf.e9611418c52e38b5feea68c1d6d92b5d.jpg,lcc,145198,48094,3282,0.7386429537985695,0.8496775628196576,0.751184736047017,0.9778960129310345,train
GPAB4561_jpg.rf.36a5e769967fb55febee4557b2741043.jpg,lcc,146433,35302,49292,0.6338350062979652,0.7758861866158003,0.8057501306847883,0.7481568527270405,train
GPAB4579_jpg.rf.a48ec6435f51ef0c7d07347a796e51af.jpg,lcc,1034531,4183,1519,0.994518535751125,0.9972517356190873,0.9959729049574763,0.9985338545436996,train
GPAB4580_jpg.rf.0496ca1e8738a9c36fad566623244f47.jpg,lcc,274395,134357,102022,0.5372141103501744,0.6989450678771068,0.6712994676478647,0.7289654824303897,train
GPAB4582_jpg.rf.00e1bc8aa55f6785af673809468f4781.jpg,lcc,125997,138824,17291,0.4466204911524501,0.617467392289805,0.47578175446811244,0.8793269499190441,train
GPAB4583_jpg.rf.d0f6ee6e27b8aac8b47085b723d6e97c.jpg,lcc,124717,96775,48494,0.46193876719533605,0.6319536461592641,0.5630767702670977,0.7200293283913839,train
GPAB4584_jpg.rf.5e0c84dd7c16e04e3c9c949fcb14098e.jpg,lcc,433426,12349,25731,0.9192375070518721,0.9579194900832327,0.9722976838090965,0.943960344718691,train
GPAB4585_jpg.rf.db7c05489c86feb0202db4c7dd4a8d2f.jpg,lcc,233212,88315,19894,0.6830628461635342,0.8116902440340182,0.7253263334027935,0.9214005199402622,train
GPAB4591_jpg.rf.5ac7ba27479417886e5a0d0c916ff54a.jpg,lcc,564694,42914,4205,0.9229846374627542,0.9599500895447286,0.9293722268304565,0.9926085298093335,train
GPAB4600_jpg.rf.7e83c163f416736020b735d0bfeee1b3.jpg,lcc,264691,45154,14474,0.8161439816970328,0.8987657255394645,0.8542690700188804,0.948152526283739,train
GPAB4602_jpg.rf.7bef0784627890ce0bfb4278c99e4f5f.jpg,lcc,300453,26365,12450,0.8855919214308452,0.9393251120410304,0.9193281887778519,0.960211311492699,train
GPAB4619_jpg.rf.e6b9dac7f6f65d310b5114459475f4be.jpg,lcc,82208,208390,16731,0.2674918409912504,0.4220805725771878,0.28289251818663586,0.8308958044855921,train
GPAB4627_jpg.rf.2fb7bd47296ae69f79ff5f44a291d51e.jpg,lcc,57745,77082,4665,0.4139663923379118,0.585539224384877,0.4282895859138007,0.9252523634033007,train
GPAB4628_jpg.rf.8640cf52804df4fb7657188b9a2a88b1.jpg,lcc,44859,48994,239722,0.13447950236078843,0.23707700682285418,0.4779708693382204,0.15763174632178537,train
GPAB4630_jpg.rf.fca28b4034a377b0c3e818f7d4f5dc9a.jpg,lcc,167266,65436,59665,0.57210971142434,0.7278241553587319,0.7187991508452871,0.737078671490453,train
GPAB4642_jpg.rf.1bba5d5da6ee6019ae8e15d12fe59034.jpg,lcc,222446,145902,14567,0.5809278821670606,0.7349201550810178,0.6039017450888834,0.9385392362444254,train
GPAB4645_jpg.rf.762770d4b7be019fe6b898a15242bf8d.jpg,lcc,400667,61535,84903,0.7323402271958764,0.8454923758034633,0.8668655695994392,0.8251477644829788,train
GPAB4651_jpg.rf.7dd43fb9145f7d8fe7e26714948f9c92.jpg,lcc,160062,97574,30305,0.5558847124931844,0.7145577150153012,0.621271871943362,0.8408074928953022,train
GPAB4652_jpg.rf.c570831734f216ba9352a3381cbcaa47.jpg,lcc,186600,39201,41405,0.6983376121793672,0.82237784427707,0.8263913800204605,0.8184031051950615,train
GPAB4656_jpg.rf.b71458af3c7814bcf5bbb13b2e7898b2.jpg,lcc,173109,111846,6161,0.5946392503332005,0.7457978351015133,0.6074959204084855,0.9656328443130474,train
GPAB4658_jpg.rf.ded39fa01a4d8cd6a33f7b760137487d.jpg,lcc,178589,130107,17256,0.5478996907520126,0.707926610523228,0.5785270946173582,0.9118895044550538,train
GPAB4697_jpg.rf.292fd9e107fea3d55c9bfd096212d60c.jpg,lcc,341971,217100,19542,0.5910185218790452,0.7429436097086197,0.6116772288314006,0.9459438526415371,train
GPAB4698_jpg.rf.25243bc4c2c864ddaa33e789c26e180e.jpg,lcc,364715,87941,201296,0.5577091284987278,0.7160632473615028,0.8057222261496589,0.6443602686166877,train
GPAB4699_jpg.rf.0d6e76c517269db09ec4782f5dacd29b.jpg,lcc,266837,147401,37382,0.59084407245029,0.7428057629057828,0.6441635002100242,0.8771214158221544,train
GPAB4700_jpg.rf.d8e12fbb64685ee6cd74a619a0073d75.jpg,lcc,14539,68242,579,0.17441218809980807,0.2970203985740406,0.17563208948913397,0.9617012832385237,train
GPAB4702_jpg.rf.3378d632b7a7c15b5ace4e81185da950.jpg,lcc,218054,172521,162106,0.39453862173658943,0.5658339117855035,0.5582897010817385,0.5735848063973064,train
GPAB4703_jpg.rf.56c9b72e12b4eb872342433fc2f49833.jpg,lcc,400290,201700,205614,0.4956513340696678,0.6627899467999675,0.6649446004086447,0.6606492117563179,train
GPAB4704_jpg.rf.11f2a8e934d7dd311afb0f66af02c859.jpg,lcc,412446,183653,56713,0.6317990478116211,0.7743588877060769,0.6919085588132172,0.8791177404675175,train
GPAB4705_jpg.rf.b5c44f0c2c4fd0f3946874519ffa0715.jpg,lcc,279117,71743,2912,0.7889742546046606,0.8820409266079834,0.7955224305990993,0.9896748206744697,train
GPAB4706_jpg.rf.db3d09671ba54781fdfb79212c4a7024.jpg,lcc,19380,84218,1784,0.18390237421950617,0.3106715185713599,0.1870692484410896,0.9157059157059158,train
GPAB4707_jpg.rf.4f386fdf457538f6c9b6d6e80216f6bf.jpg,lcc,85966,93411,13263,0.44625207641196013,0.617115209291975,0.47924761814502415,0.8663394773705267,train
GPAB4708_jpg.rf.f81a35c268be55c24fc983549b70edb4.jpg,lcc,24122,65363,675521,0.03153177883572155,0.061135836011394856,0.26956473151924903,0.034477583567619485,train
GPAB4709_jpg.rf.55c440d6a547649c3349d6a494e9b1d9.jpg,lcc,423186,83657,17550,0.8070016190147465,0.8931941294604461,0.834944943503215,0.9601802439555652,train
GPAB4710_jpg.rf.890e10b24cc2fb0897115284e8c07d37.jpg,lcc,88359,165172,2202,0.34551270270164586,0.513577764086349,0.34851359399836707,0.9756848974724219,train
GPAB4711_jpg.rf.b6e1309af2162be1be770f3a1a6067f3.jpg,lcc,681174,49346,135849,0.7862400432148426,0.880329658045043,0.9324508569238351,0.8337268351074572,train
GPAB4712_jpg.rf.d172da199d968dc3df9ea841e06c5823.jpg,lcc,191839,125395,69628,0.49588483748726936,0.6629986815298401,0.6047239577094511,0.7337025322507238,train
GPAB4713_jpg.rf.81b91a34b07ea0531234410f109193ef.jpg,lcc,261532,91521,210337,0.46421129235520686,0.6340769187874732,0.7407726318711355,0.5542470473796753,train
GPAB4726_jpg.rf.ec6edd51400a4877a682ec239940f715.jpg,lcc,212678,63609,48205,0.6554183153976061,0.7918461567101662,0.7697720124363434,0.8152236826470104,train
GPAB4735_jpg.rf.7389747fa8cc09c069ff4b2f3556899a.jpg,lcc,17524,499807,738,0.033825610102129255,0.06543774843958006,0.03387386412180983,0.9595882159675829,train
GPAB4737_jpg.rf.e31e343fd9087743fd45c0fb8c7956fd.jpg,lcc,137910,164247,24909,0.42165801397882996,0.5931919066790544,0.45641835204876935,0.847014169108028,train
GPAB4739_jpg.rf.6729ce5fbf63cfc65c3544bc6d0e4e4a.jpg,lcc,381917,66920,268396,0.5324866535700393,0.6949315380066415,0.8509035574161666,0.5872818166021593,train
GPAB4740_jpg.rf.391db90ac7705a61bc4d0c6e12c34bbc.jpg,lcc,446939,77837,135701,0.6766912398160724,0.8071745396490569,0.851675762611095,0.7670928875463408,train
GPAB4742_jpg.rf.3add0941dddb3e0ab5f1644d703bdc8a.jpg,lcc,878971,13056,12888,0.9713299039136273,0.9854564697519909,0.9853636717274253,0.9855492852569745,train
GPAB4743_jpg.rf.37867df2f8150edd78237e955061905e.jpg,lcc,344155,77991,53665,0.723301899283539,0.8394372449589373,0.8152511216498557,0.8651023075762908,train
GPAB4746_jpg.rf.2180e682eaa484a3fc02b94c156f25b8.jpg,lcc,294544,98970,49260,0.665224245326058,0.7989605570459422,0.7484968768582566,0.8567206896952915,train
GPAB4747_jpg.rf.1f22312dc4183f0bcb9100eab300fb07.jpg,lcc,151059,82606,102064,0.44994325780614725,0.6206356771325505,0.646476793700383,0.5967810116030546,train
GPAB4753_jpg.rf.e2d94acde6ee937917909a1591d0d659.jpg,lcc,228366,77292,10798,0.7216358672295674,0.8383141649933372,0.7471291443377893,0.9548510645414862,train
GPAB4754_jpg.rf.537af39d94461458299a14cfc3bba350.jpg,lcc,288759,174654,37182,0.5768315704311869,0.7316337156712958,0.6231137236115517,0.885924139644905,train
GPAB4756_jpg.rf.eabc4ca97f0f629b22f925f8a786d528.jpg,lcc,104467,120956,8495,0.4465966706281688,0.6174446266826248,0.463426535890304,0.9247977195871178,train
GPAB4758_jpg.rf.dc9f9d53832bbaffadad72867f306fbe.jpg,lcc,248275,167781,55732,0.5262427191874316,0.6895924384394143,0.5967345741919357,0.8166752739246136,train
GPAB4761_jpg.rf.abcedb2548500e30fd19e3a419c01bc6.jpg,lcc,145022,8910,14891,0.8590180247951997,0.924163201580398,0.9421172985474106,0.9068806163351323,train
GPAB4767_jpg.rf.7f3e0c78cd1015f30bb0eb3479b01bf2.jpg,lcc,148980,120963,52345,0.4622573598768803,0.6322517124014361,0.551894288794301,0.7399975164534955,train
GPAB4771_jpg.rf.6badf0b6546595b33a14eb844b771aa4.jpg,lcc,143968,155349,23694,0.44570618338075174,0.6165930373742716,0.4809883835532228,0.8586799632594148,train
GPAB4777_jpg.rf.6f578feb4e1dbdd7b5b447d584fb8f86.jpg,lcc,432897,123121,7019,0.7688606610222773,0.8693286904553916,0.7785665212277301,0.9840446812573309,train
GPAB4778_jpg.rf.bfed75b62b8d65486555d766d64a397f.jpg,lcc,416567,61001,131742,0.6836700530107827,0.8121188017666835,0.8722674048512463,0.7597303710134249,train
GPAB4779_jpg.rf.18bd369271c26a99d825e5e4fecce011.jpg,lcc,48632,139679,16870,0.23701999697827772,0.3832112618345002,0.25825363361672976,0.7424506121950475,train
GPAB4780_jpg.rf.8a201d1beedd40edffaaf46e84e7a05b.jpg,lcc,25508,67324,7458,0.25434240701964306,0.40553903877645114,0.2747759393312651,0.7737669113632227,train
GPAB4781_jpg.rf.b25d5c2493b85a3a5baf2eb1d7facd5d.jpg,lcc,29338,137305,1819,0.17415203428666406,0.2966430738119312,0.17605299952593267,0.9416182559296467,train
GPAB4782_jpg.rf.4a1cdf2976fdae35a057fbebf48d41ec.jpg,lcc,132817,154515,39693,0.4061371454781745,0.5776636322910913,0.4622422841869336,0.769908990783143,train
GPAB4787_jpg.rf.3b5cb17b0e6e2db09e9f7e90b335be9a.jpg,lcc,69610,119566,4309,0.3597694911750265,0.5291624698302895,0.3679642237916015,0.9417064624792002,train
GPAB4789_jpg.rf.5c044e3717b48118b45c9ad51a6650a2.jpg,lcc,81247,67184,13228,0.5025825967004621,0.6689583624941335,0.5473721796659727,0.8599841227838052,train
GPAB4790_jpg.rf.feb20779db5e09d98fc2914cc0ca14fa.jpg,lcc,146716,66107,11076,0.6552776028477126,0.791743453448997,0.6893803771208938,0.9298063273169742,train
GPAB4793_jpg.rf.c69e00462f231a9a204e3bc0538813db.jpg,lcc,299283,132217,63045,0.605168387103297,0.7540248013423563,0.6935874855156431,0.8260001987149764,train
GPAB4795_jpg.rf.c70fcc188f6d8ec7e06f3b2c8984d0f7.jpg,lcc,51686,118098,8315,0.29020937793025225,0.4498640033074396,0.3044220892428026,0.8614189763503941,train
GPAB4797_jpg.rf.e4b9f8bdcb32587cb5017cdd72df915d.jpg,lcc,417593,78797,99117,0.7012394480669413,0.824386536373507,0.8412598964523862,0.8081767335642817,train
GPAB4801_jpg.rf.9739c11121861706595f5b3390fbd58c.jpg,lcc,125406,140389,28151,0.42662938090669716,0.5980942024838322,0.47181474444590754,0.816673938667726,train
GPAB4803_jpg.rf.dc872b5dd3a719c76a02e05e55e48979.jpg,lcc,128616,119795,130314,0.3396026140339296,0.5070199333387209,0.5177548498254908,0.4967211215386398,train
GPAB4838_jpg.rf.577d2dba6fa6db597e730cd8e9cc4d40.jpg,lcc,524224,57288,143466,0.7230895282339602,0.8392942054207406,0.9014844061687463,0.7851308241848762,train
GPAB4862_jpg.rf.11a13aa47c9a9c8fb61cd72b53131a3d.jpg,lcc,73568,168461,71369,0.2347430423933784,0.380229787629921,0.3039635746129596,0.5075860546306327,train
GPAB4875_jpg.rf.420ee51b2763bb6abc8d4e698fed5e40.jpg,lcc,165299,112807,67907,0.477724825367833,0.6465680445598774,0.5943740875781177,0.7088110940541839,train
GPAB4881_jpg.rf.8b2a14c2b37d92d63755a939f2eb6281.jpg,lcc,483544,111970,5965,0.8039249915624652,0.8913064515683078,0.8119775521650204,0.987814320063574,train
GPAB4888_jpg.rf.7f6403933175008ae00c4b79b70dbb31.jpg,lcc,982657,12165,2187,0.9856049443886665,0.992750292221011,0.9877716817681957,0.9977793437336269,train
GPAB4891_jpg.rf.b904748dfaec0495e1cf5166ada62dc2.jpg,lcc,119883,140286,13046,0.4387863038266567,0.6099395061791207,0.4607889487217924,0.901857382512469,train
GPAB4901_jpg.rf.47fdedb2f1b1ad1872ea1d068c561138.jpg,lcc,90556,181117,4033,0.3284513213350453,0.4944875526262621,0.3333271985070287,0.9573629068919219,train
GPAB5033_jpg.rf.a42128c7f23b888e301bb1cfac56c0ea.jpg,lcc,365072,154204,77014,0.6122390112193731,0.7594891414472384,0.7030403870003621,0.825794076265704,train
GPAB5096_jpg.rf.e6b7fbc62c0b41cc3946e299a644d3f2.jpg,lcc,518993,159187,21057,0.7422275995120395,0.8520443594395147,0.7652732312955263,0.9610091658179798,train
GPAB5121_jpg.rf.fcbf5ec6808aa3c85aca6b2855ea846b.jpg,lcc,568806,82194,105378,0.7520128824476651,0.8584558823529411,0.8737419354838709,0.8436954896586095,train
GPAB5140_jpg.rf.79c16d5485a87227cb76d2c41e7b4043.jpg,lcc,419696,135680,36139,0.7095272309239833,0.8300859068977691,0.7556970412837429,0.9207191198569658,train
GPAB5142_jpg.rf.9cbf6dc4ce3a554c05d16f34fb84dbb1.jpg,lcc,181035,90830,74534,0.5226198689950029,0.6864745162427905,0.6659003549555845,0.708360560161835,train
GPAB5150_jpg.rf.78a0f068bd61364295bdd1c46e50b387.jpg,lcc,638661,59737,114101,0.7860452751326463,0.8802075580914579,0.9144656771640239,0.848423538914026,train
GPAB5152_jpg.rf.dea64a52d7766208624c9075ac8e744b.jpg,lcc,259680,118107,17862,0.6563393310737548,0.7925179566294182,0.6873714553438842,0.9356421730765073,train
GPAB5174_jpg.rf.46ca733d089fc887a9dc084787d33982.jpg,lcc,318773,155680,21965,0.6421463363536375,0.7820817452596999,0.6718747694713701,0.935536981493112,train
GPAB5179_jpg.rf.f9eed0cac19d9f9bceeb29baf5d810fb.jpg,lcc,475135,55828,107979,0.7436277471194569,0.8529661773827123,0.8948551970664622,0.8148235164993466,train
GPAB5236_jpg.rf.c1137ff7d5cba4f3f3f0a4a9cce4bce8.jpg,lcc,210162,129787,34380,0.5614365972179554,0.7191282671589468,0.6182162618510424,0.8594106533846947,train
GPAB5241_jpg.rf.3652b87908eefc756b80da270e2a609f.jpg,lcc,0,201531,0,0.0,0.0,0.0,,train
GPAB5285_jpg.rf.917b9bc4a3094f60d6dd54576e66897b.jpg,lcc,216152,199528,15691,0.5010814357015191,0.6676272503061668,0.5199961508852964,0.9323205790125214,train
GPAB5286_jpg.rf.7e8781dd4975ce7fca1bc1950bfe023e.jpg,lcc,434647,127083,53358,0.7066419764326405,0.8281080463164513,0.7737649760561124,0.8906609563426604,train
GPAB5287_jpg.rf.f316e103bf2987c11731ee8f25b032d8.jpg,lcc,146066,136499,26923,0.4719601406193455,0.6412675555477506,0.5169288482296109,0.8443658267288672,train
GPAB5297_jpg.rf.0296081ab463a9d1ecf239538718dd87.jpg,lcc,148550,49577,213528,0.360860429242934,0.530341571389045,0.7497716111383103,0.41027071514977437,train
GPAB5299_jpg.rf.982209f62d95c666316b67c67161afb2.jpg,lcc,109443,95951,33323,0.4584633687588232,0.6286937040441176,0.5328441921380371,0.7665900844738943,train
GPAB5302_jpg.rf.3c212643573c9f4bb59e48652eb6d846.jpg,lcc,340696,140327,12770,0.6899571277843145,0.8165380250668373,0.708273824744347,0.963872055586676,train
GPAB5309_jpg.rf.d19f7d3fbbd76e45123f9b77fbf6c288.jpg,lcc,290385,154004,95986,0.5373768216516308,0.6990827675863065,0.6534477676090092,0.7515703818350756,train
GPAB5311_jpg.rf.411f63a94d59592bc074a6196bacf1d0.jpg,lcc,105030,228476,94622,0.2453238283877719,0.3939920248781787,0.3149268678824369,0.5260653537154649,train
GPAB5334_jpg.rf.e95df04308622776ed1b1ed4b88ef51f.jpg,lcc,272984,78652,87328,0.6218824322723504,0.7668649957581172,0.776325518433835,0.7576322742512045,train
GPAB5336_jpg.rf.6cbd3774005119fe947d59c92202676a.jpg,lcc,77776,157911,5404,0.32260018001501506,0.48782721322683126,0.3299969875300717,0.9350324597258957,train
GPAB5348_jpg.rf.8ba371da13fb1ea879c422e3e3ba2cce.jpg,lcc,356404,97680,31001,0.7347248420379934,0.8470794032958244,0.7848856158772386,0.9199778010092797,train
GPAB5349_jpg.rf.1ee7632cec92426ad67645eedadd0f50.jpg,lcc,320808,135069,112518,0.5644103132504684,0.7215630176686314,0.7037161339571858,0.7403386826546295,train
GPAB5420_jpg.rf.1a7945f6c17694f7cf560b2e8231a128.jpg,lcc,394661,174670,27047,0.661763177045431,0.7964590697237949,0.6932013187407676,0.9358632039230937,train
GPAB5443_jpg.rf.32c02690be0eb7a25e3c884163f2a83f.jpg,lcc,189186,174408,8109,0.5089708719057957,0.6745933687414087,0.5203221175266919,0.9588991104690945,train
GPAB5501_jpg.rf.b589a7631d40c0e686a0a60ee8a45f5f.jpg,lcc,154951,182061,9933,0.44661545778149275,0.6174625818894751,0.45977888027726016,0.9397576478008782,train
GPAB5545_jpg.rf.8c6a419671b63b24065f36515b5b7271.jpg,lcc,303746,145054,15473,0.6542400699588389,0.790985639678185,0.6767959001782531,0.9515285744269608,train
GPAB5552_jpg.rf.0aa5c6e322bdc54366f9d200985db4aa.jpg,lcc,562634,58751,16418,0.8821438594675786,0.937381970065901,0.9054515316591163,0.9716467605672721,train
GPAB5569_jpg.rf.8e265edd8d3471a629aa34b39cc85f3b.jpg,lcc,620168,70678,29693,0.8607001147751892,0.9251357679194634,0.8976935525428243,0.9543086906276881,train
GPAB5573_jpg.rf.52eca794ae531745404865e3c713eb5e.jpg,lcc,259083,160421,2862,0.6134087497573195,0.760388525040025,0.6175936343872764,0.9890740422607799,train
GPAB5585_jpg.rf.05d053942efba9dcd4f589dfea18c2e5.jpg,lcc,205962,118424,134150,0.44917302022087685,0.6199025429722889,0.6349287577145746,0.6055711059886155,train
GPAB5646_jpg.rf.89c32cce97796de1fa893918a8ad607b.jpg,lcc,262530,126162,64596,0.5791682109387409,0.7335104733326069,0.6754190978975642,0.8025348031033913,train
GPAB5669_jpg.rf.c3ae775301186fb9b1b6950c2f4bc406.jpg,lcc,129575,161248,20155,0.4166693463846317,0.5882379645581803,0.4455459162445886,0.8653910372002939,train
GPAB5743_jpg.rf.e977816285ab91f398c9cf38144e91de.jpg,lcc,153687,119512,19901,0.5243500511770727,0.6879654063345622,0.5625459829647985,0.8853549784547319,train
GPAB5767_jpg.rf.5e9dcd3a001722ecbb252bc7810e23dd.jpg,lcc,400535,196660,22682,0.6461523818434948,0.7850456482283626,0.6706938269744388,0.9464057445707521,train
GPAB5916_jpg.rf.d72c77ea11466eba34b333085f39bc94.jpg,lcc,318107,279558,34652,0.5030815239824329,0.6694001834970498,0.5322496716387943,0.9017686295742986,train
GPAB6017_jpg.rf.2a7ce631b79425a164d63b2137dcb999.jpg,lcc,237817,137924,55506,0.5514635464130765,0.7108946229359224,0.6329280009368156,0.8107683338844891,train
GPAB6031_jpg.rf.c8c7491ba0185bc1872720abe9f324f0.jpg,lcc,332709,174784,50994,0.5957327565368576,0.7466573009753186,0.6555932791191209,0.8671003354156731,train
GPAB6033_jpg.rf.e583d1e7ca6b0479db2a6ff5d7a2ef5e.jpg,lcc,245304,163188,63014,0.5202563700143794,0.6844324158424129,0.6005111483211422,0.795620106513405,train
GPAB6112_jpg.rf.275e9e45ae9d2003a909da0c5f0de468.jpg,lcc,398821,149214,47500,0.6696852410017883,0.8021694443438768,0.7277290683989162,0.8935743556767438,train
GPAB6151_jpg.rf.c36cadd2306d5b5385f070e07094abae.jpg,lcc,119428,273596,213064,0.19704729346233552,0.3292222363118112,0.3038694837974271,0.3591905970669971,train
GPAB6199_jpg.rf.bfde89e764df96e5529e9f0eaca7fc63.jpg,lcc,69456,201305,23983,0.23564856282061722,0.3814168039538715,0.25652143403222766,0.7433298729652501,train
GPAB6203_jpg.rf.51578668f786e422636d911cb62b28bf.jpg,lcc,162034,155902,47720,0.44313234296716036,0.6141257177509523,0.5096434502541392,0.7724953993725984,train
GPAB6208_jpg.rf.c473a27a0a8d6f6587dc146ae5eb3014.jpg,lcc,57668,112424,9284,0.32149228436357147,0.48655945731594136,0.33904004891470496,0.8613334926514518,train
GPAB6213_jpg.rf.a18255c26a2019ef53cab4aad446882f.jpg,lcc,43510,331651,2219,0.11529492818909322,0.20675235809831546,0.11597687392879324,0.9514749939863106,train
GPAB6220_jpg.rf.3bc13f3d7e06c9294ec7edc12332c5da.jpg,lcc,133458,89098,2140,0.5939491579734397,0.7452548345125282,0.5996603102140585,0.984218056313515,train
GPAB6236_jpg.rf.46b13879c47d4fdd782cf071312ef0fe.jpg,lcc,9479,89854,28201,0.07432527796509167,0.13836643238232868,0.09542649471978094,0.25156581740976647,train
GPAB6245_jpg.rf.47051ee1d535ca875a821dca928db358.jpg,lcc,89819,138437,16197,0.3674285036387363,0.5374006796860042,0.39350115659610263,0.8472211741623906,train
GPAB6251_jpg.rf.d7a423a98ef5280e1fa58def52ffcf9b.jpg,lcc,85801,127309,49495,0.32673026027684166,0.4925345717352744,0.40261367368964385,0.6341724810785241,train
GPAB6286_jpg.rf.b9de6c3dd697e300894bf557002032ac.jpg,lcc,141609,121083,31410,0.48149621559866984,0.650013426330756,0.5390685669910009,0.8184592443604459,train
GPAB6318_jpg.rf.d15aea90cad5a842336ad5d3bce3c7bf.jpg,lcc,322772,146270,22648,0.6564542699668491,0.7926017420088353,0.6881515941003151,0.9344334433443344,train
GPAB6343_jpg.rf.0d5a7465def88e0de6cf8a58d5eb8cfa.jpg,lcc,342687,146022,49421,0.6368108077973724,0.7781116849470435,0.7012086947447254,0.8739607455088904,train
GPAB6357_jpg.rf.f77decaa064ed06ac4ae7dc5f14b7c03.jpg,lcc,155176,148535,118120,0.367862959336796,0.5378652252052402,0.5109330909976919,0.5677946256074,train
GPAB6362_jpg.rf.409a2850d857b0bd69c899eb31575f58.jpg,lcc,41360,39177,18805,0.41633951400213404,0.5879091981634945,0.5135527769844916,0.6874428654533367,train
GPAB6368_jpg.rf.4ccdaea8dd51721346f6943ef0c1a15f.jpg,lcc,46888,99859,17748,0.2850420985440287,0.44363075554798637,0.31951590151757786,0.7254161767436104,train
GPAB6415_jpg.rf.6edab159b05aadee5406742ad5b6bae4.jpg,lcc,320154,195945,17523,0.5999640194744594,0.7499718895822792,0.6203344707120145,0.9481072148828614,train
GPAB6420_jpg.rf.b77275a4c2d4ceebbfe562a217560760.jpg,lcc,171687,30895,278509,0.3568701139701221,0.5260195656103607,0.8474938543404646,0.3813605629548019,train
GPAB6428_jpg.rf.b16d2b18243733f492c9084c55db4346.jpg,lcc,292015,143943,80141,0.5658119856849171,0.7227074397919105,0.6698236986131691,0.7846575092165651,train
GPAB6469_jpg.rf.804de9a3f3b0bcff6cafd0268423db33.jpg,lcc,130922,166289,10915,0.4248976068231827,0.5963903718955559,0.44050186567791905,0.9230454676847367,train
GPAB6581_jpg.rf.0e33f8c4bc7b403d776dbb15f4bb9251.jpg,lcc,355039,76697,8013,0.8073673845762014,0.893418119045582,0.822352085533752,0.977928781551954,train
GPAB6582_jpg.rf.a166616a1043774d17060f56687c0471.jpg,lcc,290957,146021,40531,0.6093225468001651,0.7572410490509665,0.6658390124903313,0.8777301139106092,train
GPAB6583_jpg.rf.226622e1572d169e84459d33d4b242e9.jpg,lcc,160887,210356,8258,0.423943546920825,0.5954499359719313,0.4333738279240282,0.9511779833870347,train
GPAB6584_jpg.rf.bf60090261c1ac131e8b94b020257a0e.jpg,lcc,309104,141556,28605,0.6449542528663683,0.7841607166187408,0.6858918031331824,0.9152968976248782,train
GPAB6596_jpg.rf.2ff0ce0a9390ffcde484219f10b26580.jpg,lcc,175012,173372,20119,0.4749269341090846,0.6440006255577123,0.5023537246257004,0.8968949064987112,train
GPAB6643_jpg.rf.d790114b6394a3a5aa132aa793ce2dbc.jpg,lcc,259130,149641,38916,0.5788195770705873,0.7332308079743413,0.633924617940118,0.8694295511431122,train
GPAB6646_jpg.rf.49fc6a67b97d38d25bea008e6f33d9f7.jpg,lcc,289099,150251,30307,0.6155534783895481,0.762034171723189,0.6580152498008421,0.9051144937790774,train
GPAB6647_jpg.rf.ed1c984301bcc115058546f7d8048b07.jpg,lcc,140659,345265,40604,0.26714438738300716,0.4216479038110755,0.2894670771560985,0.7759939976718911,train
GPAB6648_jpg.rf.c56ce6da35aa5d7bf1816fcefeee13f5.jpg,lcc,561010,98692,4123,0.8451173125447219,0.9160580812925823,0.8503991196024872,0.9927043722451175,train
GPAB6649_jpg.rf.47c706dd93e009a16e5bedc5215042d9.jpg,lcc,351576,137683,68091,0.6307993182022069,0.7736075324063785,0.7185887229463331,0.8377499303018822,train
GPAB6650_jpg.rf.d42500ecead8b3cfa4dd6cdbd03046bd.jpg,lcc,407703,70541,48758,0.7736270450586525,0.8723672174643337,0.8524999790901715,0.8931825500973796,train
GPAB6651_jpg.rf.b6a9a159f89e82d53644c3a73ebaa154.jpg,lcc,343801,208485,88002,0.5369474361537309,0.69871932315065,0.6225053685952568,0.7961987295132271,train
GPAB6652_jpg.rf.3746e0c1af503c85d382a9d829f4713a.jpg,lcc,452351,86926,9442,0.8243764112414551,0.9037350035462055,0.8388101105739721,0.9795536095176843,train
GPAB6653_jpg.rf.6462868b079303442dc200bdaa83cf5b.jpg,lcc,267417,106025,28803,0.6648112468769034,0.7986626088982203,0.7160871032181704,0.9027648369455135,train
GPAB6654_jpg.rf.c041357eb333cbca4f87f2517eb356e9.jpg,lcc,460724,114147,83825,0.6994486075518904,0.8231477014882708,0.8014389315168099,0.8460652760357654,train
GPAB6655_jpg.rf.fb96f38ea0bf68f9bcb15a2ea4533c20.jpg,lcc,70638,207820,6520,0.24787176553979606,0.39727121389363806,0.25367559919269694,0.9154980688975868,train
GPAB6656_jpg.rf.5d4becc71a2154b3949645d8d64ed72e.jpg,lcc,426380,126489,43646,0.7147850431254872,0.8336730553966927,0.7712134339237685,0.9071413070766298,train
GPAB6657_jpg.rf.8e09ed048fbf8afdda873ac2b2f11aff.jpg,lcc,410963,144683,37648,0.6926801889113997,0.8184418928620861,0.7396129910050644,0.916078740824456,train
GPAB6658_jpg.rf.f6047019a05b50a74f0bc478b9487e2e.jpg,lcc,114722,85937,12912,0.5371609441356738,0.6989000679271261,0.5717261622952372,0.8988357334252629,train
GPAB6659_jpg.rf.709b4d7ed4800dd29cbf1c81b90dd9e0.jpg,lcc,44514,162721,4507,0.2102275410641252,0.3474182067932068,0.21479962361570198,0.9080598111013647,train
GPAB6660_jpg.rf.31b6a04bb3b33417f99359b150249ea1.jpg,lcc,119926,127611,11383,0.46317781554148,0.6331121352739636,0.48447706807467167,0.9133113495647671,train
GPAB6661_jpg.rf.3c4167a579d558a7483fe8be14f117da.jpg,lcc,107787,175729,386126,0.16096212603152132,0.2772909165981717,0.3801796018566853,0.21823074104143847,train
GPAB6662_jpg.rf.2108d9d531e28867ea4da578a80bbdb8.jpg,lcc,100607,238342,21977,0.2787468899441991,0.4359688256311033,0.2968204656157711,0.8207188540103113,train
GPAB6663_jpg.rf.86f74cdd128bbd44c7c2229648721c5d.jpg,lcc,195438,241600,4202,0.44292901822137615,0.6139304326519842,0.447187658739057,0.9789521138048487,train
GPAB6664_jpg.rf.c6ef7a66d43f9061b3dfc2c5107657e0.jpg,lcc,248064,134088,77715,0.5394255295552844,0.700814062387436,0.6491239088111537,0.7614487121637674,train
GPAB6665_jpg.rf.1b65939da5c873cbe5254fc52cc442d4.jpg,lcc,188848,164231,10801,0.5189842805320435,0.6833306798280528,0.5348604703196735,0.9459000545958156,train
GPAB6666_jpg.rf.4c4e1b29088fb6b155dc41c398781370.jpg,lcc,187217,328989,9345,0.35622993772250455,0.5253238080272964,0.36267885301604397,0.9524577487001556,train
GPAB6668_jpg.rf.8a52d79d063cb9a4eb650e20d0cde86a.jpg,lcc,89474,194266,4886,0.30999979211852013,0.4732822004760645,0.31533798547966446,0.948219584569733,train
GPAB6669_jpg.rf.321fecc390e5ecce908b5f9958f266ec.jpg,lcc,152136,91254,23864,0.5692562131904481,0.7255108610124228,0.6250708739060766,0.8644090909090909,train
GPAB6670_jpg.rf.5e7d6bc2eaca9c5c6f30031c970d577c.jpg,lcc,42397,67095,4030,0.3734694596642061,0.5438336572194536,0.3872155043290834,0.913197062054408,train
GPAB6671_jpg.rf.8823d517f81d5155714d6730facb6945.jpg,lcc,122523,159945,6393,0.4241590245827578,0.5956624467650662,0.4337588682611836,0.9504095690216885,train
GPAB6672_jpg.rf.cfd673b99f828cebf1bf4d7528ea8aff.jpg,lcc,114353,152556,7472,0.41676719597931344,0.5883354684694418,0.42843441022970374,0.9386661194336138,train
GPAB6673_jpg.rf.cd25a2f71375986cca89454d261f329d.jpg,lcc,117498,300587,15307,0.27111252630413113,0.42657517834776454,0.28103854479352286,0.884740785361997,train
GPAB6674_jpg.rf.20c047131d1c05472033eea3285c7c80.jpg,lcc,84811,165835,7007,0.3291675237625799,0.49529877592973276,0.33836965281712056,0.9236859874970049,train
GPAB6675_jpg.rf.4f04c89d08e730b52a36b57e46d13726.jpg,lcc,171165,99846,90787,0.4730954842204766,0.6423147573096069,0.6315795299821778,0.653421237478622,train
GPAB6676_jpg.rf.62dd073dcce1a1a6cf857a62a9f0e112.jpg,lcc,184851,56364,73752,0.5868900551486346,0.7396732410597457,0.7663329394938125,0.7148060927367432,train
GPAB6677_jpg.rf.fe0934180b433aa2bdd28762cc4c938e.jpg,lcc,286140,77535,206007,0.5022802194908739,0.6686904519865112,0.7868014023510002,0.5814116513968387,train
GPAB6679_jpg.rf.56d98813e84f509e5216b1ab208b9c4d.jpg,lcc,177523,87693,5998,0.6545495439026009,0.7912117788370471,0.6693525277509652,0.9673170917769629,train
GPAB6680_jpg.rf.8ffe46388f899aa283fc4a3f321cec09.jpg,lcc,229644,61729,26344,0.7227941847619107,0.8390952223486876,0.7881444059676085,0.8970889260434083,train
GPAB6681_jpg.rf.0f833ea68a8c1dffcb4c3f6adea2c72d.jpg,lcc,270416,103767,4740,0.7136436690303835,0.8328962221582256,0.7226838204835602,0.982773408539156,train
GPAB6682_jpg.rf.eb22232a2c018cc5851106de08352de7.jpg,lcc,29252,104348,12621,0.20005334391092935,0.33340741880517233,0.21895209580838323,0.6985885893057578,train
GPAB6683_jpg.rf.a8e659241e83b43452b24e4ddccbe5bd.jpg,lcc,41298,21949,4981,0.6052940141877236,0.7541223088581707,0.6529637769380365,0.8923701895027982,train
GPAB6685_jpg.rf.42cdbc2507e32fe09d31984fc16f69b6.jpg,lcc,210038,261210,5821,0.4402675503962739,0.6113691171826222,0.44570587036974163,0.9730333226782297,train
GPAB6686_jpg.rf.0541fbfe096aff1703cafa9538cc4c97.jpg,lcc,69530,132047,8021,0.33173026460176147,0.49819437677337997,0.34493022517449906,0.8965712885713917,train
GPAB6687_jpg.rf.f4a6a527a7155e2ece923d872127b126.jpg,lcc,248458,201021,6981,0.5443149454497656,0.7049273816245294,0.5527688724056073,0.9726705788857614,train
GPAB6688_jpg.rf.57296e4a40af7ca9cfdf1f0f28a97d2c.jpg,lcc,117430,256112,8184,0.30762903234257033,0.4705142280168925,0.3143689330784758,0.9348480264938621,train
GPAB6689_jpg.rf.be92867710229776bc9c7cdaf8ee7bb8.jpg,lcc,218165,186368,17543,0.5168855845866621,0.6815089942693454,0.539300872858333,0.9255731667995996,train
GPAB6690_jpg.rf.58efacb471360e1d9e71b80ee71f6572.jpg,lcc,221328,160196,42864,0.5215227574766488,0.6855273835556189,0.5801155366372758,0.8377543604651163,train
GPAB6692_jpg.rf.6ad73c56d9ae12964e6c6e531ac3da38.jpg,lcc,124732,48391,16181,0.658897857414529,0.7943802621355514,0.7204819694667953,0.8851702823728116,train
GPAB6694_jpg.rf.23021e03dc2ebb10427984d31a572e3d.jpg,lcc,204613,194056,17171,0.49204742208541746,0.6595600311385391,0.5132403071219482,0.9225778234678786,train
GPAB6695_jpg.rf.b95d2c9058d219316957c2f1e02a8d4e.jpg,lcc,449745,69436,9755,0.8502824538318435,0.919083950745953,0.8662585880454022,0.9787704026115343,train
GPAB6699_jpg.rf.1f86c763a14196b5d571d2540d89638c.jpg,lcc,56871,150183,2575,0.2712935710230932,0.4267992495309568,0.27466747804920455,0.9566833765097735,train
GPAB6701_jpg.rf.149875ae1fe458dc6e8531c3f26d32f6.jpg,lcc,28116,169941,1959,0.14056875449964004,0.24648887486192206,0.1419591329768703,0.9348628428927681,train
GPAB6704_jpg.rf.9790ef8bf24b48dda270de4b435b6865.jpg,lcc,70722,149498,21787,0.2922312164524167,0.45228936235526607,0.3211424938697666,0.7644877795673934,train
GPAB6705_jpg.rf.01585a7db7bb160584e50946bb0e8993.jpg,lcc,217662,150748,67449,0.4993862694128147,0.6661209050665549,0.5908145815803045,0.7634289802918863,train
GPAB6710_jpg.rf.9e215ac6bc82835890363fb4d212536b.jpg,lcc,223245,272170,33793,0.4218473643633505,0.5933792542524251,0.45062220562558664,0.868529166893611,train
GPAB6711_jpg.rf.0304d9a3dd979cd916641d89cb49b8f0.jpg,lcc,172833,147217,39374,0.48086104433760685,0.6494343897778705,0.5400187470707702,0.8144547540844552,train
GPAB6712_jpg.rf.822cd24c51032f70db27a6d6f422a8c4.jpg,lcc,111460,179869,34710,0.34186094301601955,0.5095325932173559,0.3825915030772769,0.762536772251488,train
GPAB6713_jpg.rf.27d0d3fc4947952724f70345fd4f81b9.jpg,lcc,219859,190008,117002,0.4172934828202077,0.5888596650989383,0.5364154713602217,0.6526697955536557,train
GPAB6714_jpg.rf.d664e0d22c48cb5ba50f7da1a60f33a3.jpg,lcc,358239,154292,143090,0.5464117226263344,0.7066833685124179,0.6989606482339605,0.714578649948437,train
GPAB6718_jpg.rf.0f4f6dd3bde84d2d235fde632ef8b650.jpg,lcc,102936,53970,40797,0.5206597775451055,0.6847814155848043,0.6560360980459639,0.7161612155872347,train
GPAB6720_jpg.rf.470f598882af8d62b6eb1b2dd1b45516.jpg,lcc,129036,98490,40668,0.4811293317523882,0.6496790272638018,0.5671263943461406,0.7603592136897186,train
GPAB6721_jpg.rf.6d79cc0bee61efd5fc70bf8565773f07.jpg,lcc,211832,63714,39088,0.673264809270454,0.8047319295073186,0.7687718203131237,0.8442212657420692,train
GPAB6722_jpg.rf.3905acae98248caaa1018f868607f294.jpg,lcc,184269,83433,19218,0.6422312839815977,0.7821447444655966,0.6883362843759105,0.9055566203246399,train
GPAB6723_jpg.rf.a9391a805eef75647fdc4a53714dddc1.jpg,lcc,140602,132498,17578,0.48370361706080267,0.6520218883324058,0.5148370560234347,0.8888734353268428,train
GPAB6724_jpg.rf.abb977d8b1d48600b80c49827e043ca3.jpg,lcc,118185,127374,16657,0.45071620343533575,0.6213706062812664,0.4812896289690054,0.8764702392429659,train
GPAB6725_jpg.rf.990d5f2625903257e8bc17df9fa2bf20.jpg,lcc,192661,112244,27788,0.5790954423447443,0.7334521103865204,0.6318722224955314,0.8739481694178699,train
GPAB6726_jpg.rf.6e8b4f32f5c8ad2068d284eea6b3ba73.jpg,lcc,242888,100781,71671,0.5847931814898637,0.738005675844844,0.7067498086821913,0.7721540315171399,train
GPAB6727_jpg.rf.2b47a87edd848492b696c791dce918bb.jpg,lcc,136283,76318,49531,0.5199021866845711,0.6841258486753762,0.6410270883015602,0.7334377388140829,train
GPAB6728_jpg.rf.c94a7a80fbc13b2ef9bf80be068ef9ee.jpg,lcc,129630,80725,24577,0.5517766843171641,0.7111547555696973,0.6162439685293908,0.8406233180076131,train
GPAB6729_jpg.rf.252f5cc0c0084ddbc28a453a606bd948.jpg,lcc,77608,226356,17656,0.2413034015297556,0.3887903654052321,0.25531970891289757,0.8146624118239839,train
GPAB6730_jpg.rf.faeabf355c420e2ba8d4915690db7746.jpg,lcc,64044,212184,8783,0.22470711656743073,0.3669564968271476,0.23185194839046006,0.8793991239512818,train
GPAB6731_jpg.rf.9aff60cc937711da4f513b555afdcc79.jpg,lcc,100413,153933,17874,0.3688670927925942,0.5389377752372978,0.39478898822863345,0.8488929468157955,train
GPAB6733_jpg.rf.acb5d981beab731e09c53f2eedd2e502.jpg,lcc,96372,243594,5875,0.2786598465768952,0.4358623559235029,0.28347540636416585,0.9425411014504093,train
GPAB6734_jpg.rf.46683f64576f9a3cfb6bbe554cb86593.jpg,lcc,114985,192642,4271,0.36866219084444274,0.5387190401116934,0.3737805849291512,0.964186288320923,train
GPAB6736_jpg.rf.2a447b81d9e09d99d2aa4e6de92083cb.jpg,lcc,394031,152630,19741,0.6956737440898867,0.8205278244291897,0.7207958862988214,0.95229015013099,train
GPAB6737_jpg.rf.b1b33630159b660adb00a54e0dd9619a.jpg,lcc,331519,238043,15339,0.5667950644639007,0.7235088714781432,0.5820595475119478,0.9557772921483719,train
GPAB6738_jpg.rf.fb0e439af4ed6e91340673e23d74129f.jpg,lcc,146726,287975,80764,0.2846478422395313,0.4431531083931977,0.3375331549731885,0.6449778012220317,train
GPAB6740_jpg.rf.43588fe8737c9d3ec2b756b24d86e2c0.jpg,lcc,351918,151185,31923,0.6577586883628085,0.7935517913194069,0.6994949344368847,0.9168327510609862,train
GPAB6741_jpg.rf.4813cc555ec276c90547ec3f17feecce.jpg,lcc,353836,171688,38056,0.6278363320202988,0.7713752539742058,0.6733013144975301,0.9028916129954171,train
GPAB6742_jpg.rf.19f506fad94038a2fdef528bee2aa3ad.jpg,lcc,316816,50662,206852,0.5516271133320565,0.7110305157628491,0.8621359646019625,0.6049940038344905,train
GPAB6743_jpg.rf.0ee30ee003eb99a660a748a583191988.jpg,lcc,389230,171643,87167,0.600626504536757,0.7504892650900923,0.6939717190879219,0.8170286546724685,train
GPAB6743_jpg.rf.effa400c62434f49e21656a7fe755769.jpg,lcc,411511,145175,110085,0.6171699129086298,0.7632715745973688,0.7392156440075733,0.7889458508117394,train
GPAB6744_jpg.rf.a8dbeb68f8cee29da713eb411b6cabde.jpg,lcc,220102,259063,67937,0.40230523741459545,0.5737769876069467,0.45934490206922457,0.7641395783209912,train
GPAB6745_jpg.rf.2153b608d7e2146d34b9d9fc3febb368.jpg,lcc,357948,159537,41609,0.6402286556464566,0.7806578106564367,0.6917070060001739,0.8958621673503405,train
GPAB6798_jpg.rf.8586409eb79e92bd79db8bd31825a216.jpg,lcc,88133,189238,21513,0.2948735964454437,0.4554476935121713,0.31774410446658086,0.803795852105868,train
GPAB6811_jpg.rf.5d27bc2691a61663881664b2487e0d80.jpg,lcc,34932,167232,2069,0.17103993967674175,0.2921163213680932,0.1727904077877367,0.9440825923623686,train
GPAB6851_jpg.rf.d59056d1d0d3c9d325f4a76cc1ba4c8b.jpg,lcc,384520,156791,56683,0.6430164851152352,0.782726760127591,0.7103495033354209,0.8715262588876322,train
GPAB6884_jpg.rf.1295437527df283efdef3e5a9c3b06b7.jpg,lcc,178051,160975,57837,0.44864600630444257,0.6194004668524336,0.5251839091987045,0.7548116055076985,train
GPAB6906_jpg.rf.73105f6b446d8109bac51ef296914ed4.jpg,lcc,329494,142454,45632,0.6366049692801112,0.7779580060301697,0.6981574241229966,0.8783555392054936,train
GPAB6910_jpg.rf.1d5376253b5d5d1d7e6717476f5b5ed4.jpg,lcc,76757,201412,5267,0.2708089304110981,0.42619928760414555,0.27593657093349727,0.9357870867063298,train
GPAB6911_jpg.rf.6054641356b5c6b94a2f979a7675620d.jpg,lcc,69651,171650,21964,0.26456612158851345,0.41842987420250155,0.2886477884467947,0.7602575997380342,train
GPAB6915_jpg.rf.7e7b783f170b910f9398380099ea6085.jpg,lcc,150593,193239,5030,0.4316692560382042,0.6030293019391136,0.4379842481211755,0.9676782994801539,train
GPAB6916_jpg.rf.2ea16833db5bc53744b52042ad162eea.jpg,lcc,162224,217712,15401,0.41034358028719803,0.5819058363120807,0.4269771751031753,0.9132948627726953,train
GPAB6917_jpg.rf.3654181da791af09652ebca09656faa3.jpg,lcc,159012,227543,9172,0.4018224685199645,0.5732858154916096,0.41135672802059214,0.9454644912714646,train
GPAB6929_jpg.rf.da2115ed575dc3b6a07ef26d6f83377a.jpg,lcc,93354,204193,142712,0.21204336538264976,0.3498940243209967,0.31374539148437053,0.39545720264671747,train
GPAB6942_jpg.rf.ad7a548a4c1e9f9e656996478eed1274.jpg,lcc,230130,311358,20836,0.40924804916738394,0.5808034283377963,0.4249955677688148,0.916976801638469,train
GPAB6943_jpg.rf.6c8af24769bb96f9b4497d80a41f4c3d.jpg,lcc,249519,186493,29033,0.5365480759926459,0.6983811107192638,0.5722755337009073,0.8957717051035354,train
GPAB6944_jpg.rf.29853f1d5567546dbca6ebf05b96d79a.jpg,lcc,420443,129989,25115,0.7305102797860122,0.8442715288306107,0.763841855124702,0.9436324788243057,train
GPAB6946_jpg.rf.69a736a184165b6b0dbcc98f8e658fd4.jpg,lcc,196399,101850,9010,0.6391968990330633,0.779890322401312,0.6585068181284766,0.9561362939306457,train
GPAB6953_jpg.rf.cafe2c5508e2ff7b8f76d42a30658cbb.jpg,lcc,337015,126086,72424,0.6293170253489566,0.7724918055332707,0.7277354184076475,0.8231140658315402,train
GPAB6997_jpg.rf.c826182a13a0d7947e84cecc52a9bd70.jpg,lcc,311224,233718,33285,0.5382384426877334,0.6998114567300503,0.5711139901127092,0.9033842366962836,train
GPAB7009_jpg.rf.28247ed465ee7cd05cd23f3380511de3.jpg,lcc,291797,64777,37362,0.7407218431420333,0.8510513567233894,0.8183350440581758,0.8864925461555054,train
GPAB7021_jpg.rf.7c0a3f03fd6f538b6a5b3e820de08068.jpg,lcc,368015,193323,44924,0.6070230362450557,0.755462768801891,0.6556032194506697,0.8912091132104257,train
GPAB7023_jpg.rf.3d860cb9b2b20806f8f8e342858c372c.jpg,lcc,272354,147168,94893,0.5294441258516956,0.6923353614593356,0.6492007570520736,0.7416098701963528,train
GPAB7024_jpg.rf.a1ef511de11f5c302d455d82c0d37bd8.jpg,lcc,189460,247226,6490,0.42750509955412747,0.5989542169588832,0.43385865358632975,0.9668793059453943,train
GPAB7026_jpg.rf.074569e48485ec38a4cb5c629f52f56c.jpg,lcc,144101,177873,4126,0.4418920576510273,0.6129336177507066,0.4475547715032891,0.9721643155430522,train
GPAB7061_jpg.rf.017d56e7556882c1de865eb499bdbf21.jpg,lcc,211101,318533,26896,0.3793164788960164,0.5500064484107599,0.3985790187185868,0.8869901721450271,train
GPAB7062_jpg.rf.2c7208719da7236acf8888944147a4c5.jpg,lcc,233537,310144,57601,0.3883984553005079,0.559491338841114,0.42954784147321684,0.8021522439530394,train
GPAB7065_jpg.rf.4039f0083a44753ef687177038eeddbf.jpg,lcc,233368,197667,17049,0.5208130618366199,0.684913977800344,0.5414131103042676,0.9319175615074057,train
GPAB7067_jpg.rf.a302de79c7c7c7514de83ec1b06bfd44.jpg,lcc,244466,128876,40235,0.591101536110567,0.7430091954477139,0.6548044420397383,0.8586762954819267,train
GPAB7080_jpg.rf.534c4e4511da2cce23e581aeb17807ff.jpg,lcc,301467,112100,41043,0.6631332350806185,0.7974505242190941,0.7289435569085542,0.8801699220460717,train
GPAB7095_jpg.rf.da1a17f02f4eb3d1397d87151efeb1a6.jpg,lcc,431445,183044,64989,0.634965370475571,0.7767325008123875,0.7021199728554945,0.8690883380268072,train
GPAB7183_jpg.rf.4ec008fb929778140b3f448a821803ac.jpg,lcc,11541,175407,1059,0.06138601222294915,0.11567141740333153,0.06173374414275627,0.915952380952381,train
GPAB7185_jpg.rf.bbdd85b10b2ce4494aa5e4f51cb88e08.jpg,lcc,63906,32708,970,0.654881947860305,0.7914545792309121,0.66145693170762,0.9850484000246624,train
GPAB2750_jpg.rf.cdad5a44fc68268026febd47efc11e6c.jpg,lcc,176608,101809,120651,0.4425511441659066,0.6135673538587678,0.6343290819166933,0.5941216245765477,test
GPAB2752_jpg.rf.3d3a23e7d01325a3e36b5203981b2c6b.jpg,lcc,171017,218928,52111,0.3868672747344228,0.5579009351251808,0.4385669773942479,0.7664524398551504,test
GPAB2863_jpg.rf.96811bd1325e7bbd6bdfefe68952512f.jpg,lcc,256567,72859,209089,0.47643426831193186,0.6453850043140205,0.7788304505412444,0.5509796931640525,test
GPAB2866_jpg.rf.419a33f7e1a92b4b4cd4c79fef598c57.jpg,lcc,127456,78984,533967,0.17214315910033265,0.29372377898354923,0.6173997287347414,0.19269967932775245,test
GPAB2867_jpg.rf.a760f33822f6d3414eebcb42d8a10ffe.jpg,lcc,244304,115068,16368,0.6501942832809922,0.7880214952487243,0.679808109702481,0.9372084458630002,test
GPAB2868_jpg.rf.388ca1bea37ef902bb25b8564d68772c.jpg,lcc,71357,59404,572806,0.10142175514201206,0.184165156841187,0.5457055238182639,0.11077475732074024,test
GPAB2910_jpg.rf.6a59ae7e8c4bd736c88f0483d80245eb.jpg,lcc,154423,51511,15221,0.6982568786597635,0.8223218612378786,0.7498664620703721,0.9102768149772464,test
GPAB2914_jpg.rf.05ad5a37a80ee9922fa2d84461e64b23.jpg,lcc,266052,97191,119300,0.5513539725993332,0.7108035720249267,0.7324353118986464,0.6904129211733687,test
GPAB2948_jpg.rf.4acdaada60495f5c29e1e122f2d83397.jpg,lcc,17366,160503,11896,0.09151318736331779,0.16768132244811254,0.09763365173245478,0.5934659285079625,test
GPAB2951_jpg.rf.42d2aa39a63a8cd50185c4c34c3d023a.jpg,lcc,129251,216942,9033,0.36385568623918296,0.5335691890430299,0.37334954779559376,0.9346779092302797,test
GPAB3030_jpg.rf.adc799d4514f57aa03abab83f2ad6e6e.jpg,lcc,477590,116657,31381,0.7633769588317658,0.8658125592584602,0.8036893749568782,0.93834422786367,test
GPAB3067_jpg.rf.787b1d28ce4fe02d8dcdc53034e25912.jpg,lcc,412819,72448,239692,0.5694377199262303,0.7256582567073717,0.8507048696902942,0.6326621313663677,test
GPAB3074_jpg.rf.38770129f002645fcdacee0bd4225300.jpg,lcc,231286,81330,67301,0.6087803388634886,0.7568222014617075,0.739840571179978,0.77460170737507,test
GPAB3076_jpg.rf.6688d0a1b6f765cccf799dc184aea270.jpg,lcc,480855,103314,119423,0.6834287484792323,0.8119485295669625,0.8231436450753121,0.8010538450517927,test
GPAB3078_jpg.rf.cd093ba40852e610c6dba2034d50c1dc.jpg,lcc,491042,77492,108877,0.7248804640019132,0.840499361121072,0.86369856508142,0.818513832700748,test
GPAB3079_jpg.rf.a4a8223fb26f718eff035a84cb461caa.jpg,lcc,349274,72546,77745,0.6991562659513777,0.8229452228278861,0.8280166895832346,0.8179355016989877,test
GPAB3090_jpg.rf.125d5f6ed38bdc5cbae2b664e2362386.jpg,lcc,331819,53639,294142,0.4882563272513243,0.6561454748229962,0.8608434641387648,0.5300953254276225,test
GPAB3091_jpg.rf.2419e7ae9b651b8df0f426db91599eee.jpg,lcc,596012,64774,105969,0.7773173960391521,0.8747085892159114,0.9019743154364651,0.8490429228141503,test
GPAB3092_jpg.rf.3bad61d847234ef79c48d0ea084de422.jpg,lcc,715421,46551,151547,0.7831484621556859,0.8783883998182868,0.9389072039392523,0.8251988539369388,test
GPAB3093_jpg.rf.285d85f2bda7ab2fe223676c69049377.jpg,lcc,77143,35271,720560,0.09261153409350112,0.1695232590974567,0.6862401480242675,0.09670641830355407,test
GPAB3095_jpg.rf.c30fe8fea9a0ca71fd70d7ad21b1c91c.jpg,lcc,967961,72321,15,0.9304660111487393,0.9639807235922875,0.9304794276936446,0.9999845037480268,test
GPAB3097_jpg.rf.1d99e8ef816fb9dcb878d24c738e0e5f.jpg,lcc,610033,372967,9934,0.6143741678701706,0.7611298298717316,0.6205829094608342,0.9839765664946682,test
GPAB3098_jpg.rf.64f8658b6d719daf7a6ca2fc4cd9cecf.jpg,lcc,0,1017429,0,0.0,0.0,0.0,,test
GPAB3099_jpg.rf.fd9c504343c7c4aa14009c61fb4860e5.jpg,lcc,0,0,850826,0.0,0.0,,0.0,test
GPAB3100_jpg.rf.e7ec1e1b776eaf06f12dc677181b3f99.jpg,lcc,16296,18434,294831,0.049447598471906565,0.09423547882506354,0.4692196947883674,0.05237732501518672,test
GPAB3102_jpg.rf.474b567b589316cba823bc1f8cfcd7ea.jpg,lcc,370679,81444,154883,0.6106677693465963,0.7582789957910779,0.8198631788252312,0.7053002309908251,test
GPAB3114_jpg.rf.a0eef7d84c3db00e2182b17cfb131176.jpg,lcc,271829,106324,93787,0.575982116370725,0.7309500664856965,0.7188333822553306,0.7434822327250449,test
GPAB3115_jpg.rf.66786619ec5b1d81981d8d1dcbacae6b.jpg,lcc,609318,45007,72365,0.8384840853734055,0.9121472326513015,0.9312161387689604,0.8938436193949387,test
GPAB3126_jpg.rf.7f2a9644a452c8bf6f9b43429e1cf1ca.jpg,lcc,343980,77606,279612,0.49056044084552436,0.6582228098945826,0.8159189346894821,0.5516106685140284,test
GPAB3140_jpg.rf.3474ae4fcf56e867239b0fa23c90c845.jpg,lcc,445452,59998,95584,0.7411427639700915,0.8513291147707661,0.8812978533979622,0.8233315343156463,test
GPAB3145_jpg.rf.60b0ade51bedfe79a34ae3c4cb01ef63.jpg,lcc,176350,102098,62949,0.5165540411895828,0.681220750675523,0.6333318967994024,0.736944157727362,test
GPAB3154_jpg.rf.87d38b2413cadb6976ac03e5f0992a06.jpg,lcc,97688,12378,318274,0.22806182004949338,0.3714174910841248,0.8875402031508368,0.23484837557276866,test
GPAB3198_jpg.rf.6a4a94373c659a065374d5d3634da775.jpg,lcc,165954,71955,38916,0.5994906529395828,0.7496019458917428,0.6975524255072317,0.8100453946405037,test
GPAB3199_jpg.rf.12b7ef0103aaee8e8ecbbd351b47aecd.jpg,lcc,112297,51954,230986,0.28412572709538836,0.4425201070273125,0.6836914234920944,0.3271265981711882,test
GPAB3204_jpg.rf.4d64e7738074531250627689a92bb0d3.jpg,lcc,14050,19843,88366,0.1149199649923523,0.2061492638050312,0.41453987549051424,0.1371855960006249,test
GPAB3207_jpg.rf.59b13473fdee7f43b0c8751b7481a7a2.jpg,lcc,850433,1889,105127,0.888227989167047,0.9408058711796455,0.9977837014649393,0.8899838837958893,test
GPAB3212_jpg.rf.18fffd5daee83a4157cdafc4403a2b74.jpg,lcc,0,1039265,0,0.0,0.0,0.0,,test
GPAB3215_jpg.rf.006beb5ee5b8d23dc7a38e00e61556ec.jpg,lcc,16222,67418,398,0.19303172374402056,0.32359864352683027,0.19395026303204208,0.9760529482551143,test
GPAB3216_jpg.rf.6eae2e3fa8c98eff50cf0d32d1c876b1.jpg,lcc,5646,16648,258,0.2503547357218872,0.40045393290304276,0.2532519960527496,0.9563008130081301,test
GPAB3220_jpg.rf.c40e169919da8e837e5cb08ee3bd4133.jpg,lcc,85552,184846,15459,0.29928250838706066,0.46068889014536535,0.3163928727283486,0.8469572620803675,test
GPAB3222_jpg.rf.ef789681cc6f68d058b4fab3aa2fddd8.jpg,lcc,231589,56012,531067,0.282885125594258,0.44101396134469945,0.8052440707786134,0.30366115260353294,test
GPAB3259_jpg.rf.839025428ad843c1b67707a3f6164648.jpg,lcc,123,4492,934393,0.00013098929934569247,0.0002619442867927904,0.0266522210184182,0.00013161893429325982,test
GPAB3261_jpg.rf.8999c48d44cc28e7c338a83f1c9f0ff3.jpg,lcc,915583,8732,111098,0.8842684030430369,0.938580089349235,0.990553004116562,0.891789173073233,test
GPAB3266_jpg.rf.8a9ceca39439e1caada154d49866ef8d.jpg,lcc,1037997,1241,1816,0.9970635528992733,0.9985296175995683,0.9988058558289824,0.998253532125488,test
GPAB3270_jpg.rf.e0b91e356fe900e9f8f67900f88a75b3.jpg,lcc,955199,83508,754,0.918936833608957,0.9577562090782389,0.9196038921466785,0.9992112582940793,test
GPAB3276_jpg.rf.a8a21ae6b31115095960af1c82759954.jpg,lcc,4300,4524,891603,0.0047755120626102945,0.009505629875089391,0.4873073436083409,0.004799626745306132,test
GPAB3279_jpg.rf.e80fecf07458b621fb3eb07d30d469f8.jpg,lcc,329907,56950,409527,0.4142561879696227,0.5858290619386997,0.8527879810886193,0.44616152354368344,test
GPAB3580_jpg.rf.ffad78ff6b840b81c294748dc1370522.jpg,lcc,327957,53911,536220,0.3572173909254886,0.5263967192196108,0.8588229440539663,0.3795021158859817,test
GPAB3671_jpg.rf.ada0ddbaf3cc43539c7fefb5a1af2779.jpg,lcc,406659,42915,233198,0.5955999953132232,0.7465530171254535,0.9045429673424175,0.6355466924640975,test
GPAB4087_jpg.rf.0b3c644eb44aee30141ba3ed42989ad1.jpg,lcc,222838,121329,56326,0.5564092256294118,0.7149909117306856,0.6474705593505479,0.7982332965568626,test
GPAB4427_jpg.rf.d641d79fb8b16c710f5704f22c6c1f40.jpg,lcc,362603,62064,16926,0.8211248819614442,0.9017776760889137,0.8538525479964302,0.9554026174547926,test
GPAB4438_jpg.rf.7c5e910cd083c00029efa53e83f0c2a1.jpg,lcc,471667,106160,28454,0.7779676420669623,0.8751201356651712,0.8162771902316783,0.9431057684040463,test
GPAB4447_jpg.rf.aeeafd0ada2ec9d0aaebd6965fb0895c.jpg,lcc,264720,88178,95528,0.5903315151217815,0.7424005743564431,0.7501317661193886,0.7348271190957341,test
GPAB4505_jpg.rf.13a1db335485f434ce177e813406f6e1.jpg,lcc,157833,102138,103218,0.43457538636908055,0.6058592535439962,0.6071177169761243,0.6046059965294138,test
GPAB4541_jpg.rf.e77dc1d8b513409bfb6fe75f8bc01f13.jpg,lcc,276276,90954,97483,0.5945088689147926,0.745695280226832,0.7523241565231599,0.7391822002948424,test
GPAB4592_jpg.rf.974ab00ec7fa04dcc551ce9db859dc81.jpg,lcc,298186,9629,662,0.9666393280536312,0.983036710661438,0.9687182236083361,0.9977848270692794,test
GPAB4624_jpg.rf.171cc1916947444aa4cda7c4944883bc.jpg,lcc,569500,68511,18575,0.8673654327079773,0.9289723559358806,0.8926178388773861,0.9684138927857842,test
GPAB4631_jpg.rf.dd22940b64b82a91d566f7fa67cb397c.jpg,lcc,95557,170348,41557,0.31079287846953446,0.4742059307377568,0.35936518681483987,0.6969164344997594,test
GPAB4668_jpg.rf.9b64fc78be54147de88dae3e766fc32a.jpg,lcc,208120,119559,33808,0.5757330139119803,0.7307494465482341,0.6351337742119574,0.8602559439171985,test
GPAB4701_jpg.rf.a45eb667fac3084a3428071bc71fd11e.jpg,lcc,172761,116010,24445,0.5515714395177769,0.7109842646874235,0.598262983471332,0.8760433252537955,test
GPAB4716_jpg.rf.fdcbb2188944973f7e718fc2ef62b363.jpg,lcc,338607,81554,78186,0.6794602957377088,0.8091412431268624,0.8058982152079798,0.8124104771433301,test
GPAB4717_jpg.rf.127dd27685f604288918bf70319f14a7.jpg,lcc,231853,161674,42176,0.5321354225240588,0.6946323604311848,0.5891666899602823,0.846089282521193,test
GPAB4744_jpg.rf.3dbb7c6843fe2207f57c096097fc8c0e.jpg,lcc,236601,81911,175191,0.47923751729278535,0.6479520857067742,0.7428322951725523,0.5745643431635389,test
GPAB4749_jpg.rf.e8a97dea10ca41981c87fdee4739cba3.jpg,lcc,299171,103089,46842,0.6661537913436146,0.7996306160986699,0.743725451200716,0.8646235835069781,test
GPAB4755_jpg.rf.4adad876a08bd71ca5759c87a32c3b43.jpg,lcc,164906,183490,5445,0.46604548370595833,0.6357858455085041,0.47332920010562696,0.9680365832897958,test
GPAB4776_jpg.rf.211c5a333604278aded2096234325892.jpg,lcc,144321,95583,21620,0.5518461020785855,0.7112124086781899,0.601578131252501,0.8697127292230371,test
GPAB4791_jpg.rf.fe0bb824fa68257505c69f67ea1c5da5.jpg,lcc,63097,303678,9433,0.16771838982690426,0.28725828296969075,0.17203189966600776,0.8699434716668965,test
GPAB4794_jpg.rf.373be7edf4a54e3ac24fa4d08b0464b7.jpg,lcc,68478,177892,3137,0.2744532217532975,0.4306995613000613,0.277947802086293,0.9561963275850032,test
GPAB4796_jpg.rf.0f42056b81b3aec69c254fcdf2e7fc31.jpg,lcc,56350,225825,20115,0.18641040060868702,0.3142426946241356,0.19969876849472845,0.7369384685803962,test
GPAB4890_jpg.rf.de3c1c5f1753fbe3dbfcdaa09e3628b2.jpg,lcc,117370,69793,111879,0.39248667411266647,0.5637205459977138,0.6271004418608379,0.5119760609642791,test
GPAB5226_jpg.rf.f2ca7f8c573d5d5c1b5f8e5eac9c6320.jpg,lcc,470150,115541,21744,0.7739922790092767,0.8725993773113025,0.8027270352455476,0.9557953542836465,test
GPAB5248_jpg.rf.e6a7d848114e0c62c755ad295d87f35f.jpg,lcc,155663,130909,242307,0.29432630147916633,0.45479459258891347,0.5431898440880477,0.391142548433299,test
GPAB5307_jpg.rf.4d7d182d23541594f3ab8ffa499acae2.jpg,lcc,247932,72207,10537,0.7497731918857129,0.8569947183585432,0.7744510978043913,0.9592330221419203,test
GPAB5308_jpg.rf.115bcdb8bbdc8ee1e2920379b038f344.jpg,lcc,266961,66398,6615,0.7852394594880785,0.8797021097811133,0.8008213367570697,0.975820247390122,test
GPAB5332_jpg.rf.39ed198ee533269eccb7c8a2b4905b87.jpg,lcc,95357,195938,3941,0.3229856792532076,0.4882678389013628,0.327355430062308,0.9603113859292232,test
GPAB5333_jpg.rf.2fb14ea874aaf0bdc6acefaa46ae3b24.jpg,lcc,73284,123644,7599,0.35830966082717686,0.5275817012285331,0.3721360090997725,0.9060494788768962,test
GPAB5335_jpg.rf.6bf5e9d0887602d1badfe856c236a338.jpg,lcc,261752,130512,9700,0.6511826929774805,0.7887469941963129,0.6672852976566802,0.9642662422822451,test
GPAB5338_jpg.rf.ccf17be954dbf5bad62d1985c2c414ce.jpg,lcc,21001,58391,179325,0.08117363760402292,0.1501583737907464,0.26452287384119305,0.10483412038377445,test
GPAB5468_jpg.rf.4283e52525152382f8e24a20d09d9eb9.jpg,lcc,177900,307355,10030,0.3591871346800327,0.5285322756745917,0.36661136928006927,0.9466290640131964,test
GPAB5497_jpg.rf.0ffa6911ae7ba47037807745fe6d0550.jpg,lcc,312925,127736,11667,0.691809925540758,0.8178341019244616,0.710126378327104,0.9640564154384581,test
GPAB5519_jpg.rf.f4dccd4d27203da8024b20f802d49292.jpg,lcc,603213,48974,67909,0.8376841421143848,0.9116736907252955,0.9249080401786605,0.8988127344953675,test
GPAB5827_jpg.rf.7cc4d07d38d46d7c26b93ba7539d1662.jpg,lcc,345504,88416,60017,0.699490015933206,0.8231763757071671,0.7962389380530973,0.8520002663240621,test
GPAB5892_jpg.rf.546c74522ae889052219499406c99537.jpg,lcc,546150,80807,14961,0.8508096049651201,0.919391819323473,0.8711123729378569,0.973336826403332,test
GPAB5933_jpg.rf.4c244c05d951f1eeef907e6435a977a1.jpg,lcc,338829,149477,61552,0.6162118219613064,0.7625384415435356,0.6938866202749915,0.8462664312242589,test
GPAB6218_jpg.rf.cbf157f68419fd36fb92aad2909ab5ec.jpg,lcc,133945,178132,12811,0.4122805397552387,0.5838507692341223,0.42920497184989603,0.9127054430483251,test
GPAB6227_jpg.rf.571570ca77f0db566886fcf2519c6b6b.jpg,lcc,44872,106637,8780,0.2799443505168789,0.43743206554852043,0.2961672243893102,0.8363527920673973,test
GPAB6667_jpg.rf.2a5460ac13ba5fc91010686eb1f3313c.jpg,lcc,168240,158415,153034,0.3507272420255624,0.5193161596409483,0.5150388024062084,0.5236651580893568,test
GPAB6678_jpg.rf.4fa0cceb63bfe1804bdd651c2a3fef64.jpg,lcc,191377,125261,26995,0.5569226471264401,0.7154146651464459,0.6044031354417347,0.876380671514663,test
GPAB6684_jpg.rf.0736c8590fcf6864ecebf96c7bd09b8f.jpg,lcc,185326,162632,8669,0.5196634018175853,0.6839190852343284,0.5326102575598204,0.9553132812701358,test
GPAB6691_jpg.rf.e53cc0d0f407655cd9ee813792227553.jpg,lcc,229136,258962,23404,0.44796696787109336,0.6187530210440189,0.4694467094722781,0.9073255721865843,test
GPAB6696_jpg.rf.7b1873494355502f46e4f7212e94cfcf.jpg,lcc,127942,90046,20370,0.5367640272195605,0.6985640185640186,0.5869222159017927,0.8626544042289228,test
GPAB6700_jpg.rf.f7961569fdb6334ea3abacfaa8f67f96.jpg,lcc,12644,158329,353,0.07380082415978895,0.13745719410773496,0.07395319728846075,0.9728398861275679,test
GPAB6706_jpg.rf.9f01d89475c6a9d588cbb65cc6f65da0.jpg,lcc,323610,137787,82789,0.5946679995442735,0.7458204462800013,0.701369969895773,0.7962864081850595,test
GPAB6717_jpg.rf.d75823f43240ef0ce9f9964a1c4519d3.jpg,lcc,36224,127014,7225,0.21250359315511283,0.3505203520298809,0.22190911429936658,0.8337130889088357,test
GPAB6735_jpg.rf.20b7c5c450a55f6155703cf2bbbe373f.jpg,lcc,130587,165605,14723,0.42000868404547864,0.5915579091374444,0.4408863169835782,0.8986786869451517,test
GPAB6739_jpg.rf.4d32d55f2ea6573a4c99327645b6c1e2.jpg,lcc,204877,231704,5145,0.46381014475036564,0.6337025964927475,0.46927603354245834,0.975502566397806,test
GPAB6809_jpg.rf.e379cb9b5655b5b9c1ab48d1da37d5cf.jpg,lcc,275738,159570,89163,0.525744988760103,0.6891649556553351,0.6334319608185469,0.7556515328815213,test
GPAB6810_jpg.rf.942a61223106aacf8e8c96d03620647b.jpg,lcc,70366,122450,11882,0.3437551905734301,0.511633656167292,0.36493859430752634,0.8555344810816069,test
GPAB6822_jpg.rf.b99bfee0fa8e636686edfa07726c9c29.jpg,lcc,225975,125261,80397,0.5235350401846013,0.6872635369399399,0.643370838980059,0.7375837217500294,test
GPAB6885_jpg.rf.be97c790ae34175e4f797ccc4b6c5bfc.jpg,lcc,175660,65628,742698,0.17851880006422854,0.3029545223283657,0.7280096813766121,0.19127616898856437,test
GPAB6921_jpg.rf.7d23b8ba81f4b7b036919eb82f4b2115.jpg,lcc,316168,72423,10381,0.7924566134966865,0.8842128813938529,0.8136266665980427,0.9682099776756321,test
GPAB6931_jpg.rf.5fe64cd601f36dfacddfb1c7ad0ca2ea.jpg,lcc,156442,188408,27360,0.42030574138255283,0.5918524851887442,0.45365231259968103,0.8511441660047224,test
GPAB6951_jpg.rf.fd609cc90f60eda0e6252f5f464ff693.jpg,lcc,265988,235416,14954,0.5151232284577755,0.679975356172333,0.5304863942050722,0.9467719315730649,test
GPAB6980_jpg.rf.fc99a764c38c296eeaa04df2539d9919.jpg,lcc,199941,161873,39167,0.49862961087931845,0.6654474291172565,0.5526071406855456,0.8361953594191746,test
GPAB7022_jpg.rf.ef80630b7a7d3048fbaa5f24c5ae6cf6.jpg,lcc,214402,86274,467468,0.27911693640775687,0.4364212973234841,0.7130665566922535,0.31443236980656136,test
GPAB7027_jpg.rf.5bf488c10f515218c4a6f6359ff04865.jpg,lcc,158403,403838,6827,0.278355135062945,0.4354895246683373,0.28173505667498455,0.9586818374387218,test
GPAB7050_jpg.rf.5d195395bfbe8803ccd8968785d9d541.jpg,lcc,379538,193583,25569,0.6339474519367285,0.7759704281619418,0.6622301398832009,0.9368833419318847,test
GPAB7059_jpg.rf.9d98a90bf8301b908be647a4c522fe68.jpg,lcc,391967,99451,197623,0.5688587471572809,0.725187972706955,0.7976244256417144,0.6648128360386031,test
GPAB7079_jpg.rf.909e521c3f586cbc8b357fbd01b9cb3a.jpg,lcc,176685,161239,26346,0.48503857029126746,0.6532336331118115,0.5228542512517608,0.8702365648595535,test
GPAB7081_jpg.rf.2159b20d8b296fd86124587d2ea73ea6.jpg,lcc,170825,175488,30533,0.45330187928225324,0.6238234268383755,0.49326765094004554,0.8483646043365548,test
GPAB7090_jpg.rf.5a202a153d5630556c96afc11f25bef5.jpg,lcc,171285,296720,36382,0.3395904335361538,0.5070063581145882,0.3659896795974402,0.8248060597013488,test
