method,model,model_share,class_name,value,value_type
em,1,0.1552916882160996,branching_acropora:bleached,0.11011594183105464,responsibility
em,1,0.1552916882160996,branching_acropora:healthy,0.18867549496514677,responsibility
em,1,0.1552916882160996,finger_acropora:bleached,0.22680199622482894,responsibility
em,1,0.1552916882160996,finger_acropora:healthy,0.12796945141896243,responsibility
em,1,0.1552916882160996,finger_porites:bleached,0.1605623023813008,responsibility
em,1,0.1552916882160996,finger_porites:healthy,0.15705059060184723,responsibility
em,1,0.1552916882160996,knob_porites:bleached,0.16684136666517657,responsibility
em,1,0.1552916882160996,knob_porites:healthy,0.1801976851512331,responsibility
em,1,0.1552916882160996,mounding_:bleached,0.13889151739092254,responsibility
em,1,0.1552916882160996,mounding_:healthy,0.1352316601135732,responsibility
em,1,0.1552916882160996,noncoral,0.15795644414960075,responsibility
em,1,0.1552916882160996,oddball:bleached,0.16987129019398242,responsibility
em,1,0.1552916882160996,oddball:healthy,0.15489709492634493,responsibility
em,1,0.1552916882160996,pocillopora_:bleached,0.14732234891496507,responsibility
em,1,0.1552916882160996,pocillopora_:healthy,0.12665739325707223,responsibility
em,1,0.1552916882160996,table_acropora:bleached,0.1280350696546688,responsibility
em,1,0.1552916882160996,table_acropora:healthy,0.1577573629718015,responsibility
em,2,0.16169883524420697,branching_acropora:bleached,0.15592909530650206,responsibility
em,2,0.16169883524420697,branching_acropora:healthy,0.14914297602565812,responsibility
em,2,0.16169883524420697,finger_acropora:bleached,0.17775925766751596,responsibility
em,2,0.16169883524420697,finger_acropora:healthy,0.17940837491229558,responsibility
em,2,0.16169883524420697,finger_porites:bleached,0.1540725851414414,responsibility
em,2,0.16169883524420697,finger_porites:healthy,0.17187731932471484,responsibility
em,2,0.16169883524420697,knob_porites:bleached,0.16492639675350762,responsibility
em,2,0.16169883524420697,knob_porites:healthy,0.17497431160232502,responsibility
em,2,0.16169883524420697,mounding_:bleached,0.17260541834506224,responsibility
em,2,0.16169883524420697,mounding_:healthy,0.1640403612952882,responsibility
em,2,0.16169883524420697,noncoral,0.15518224203111503,responsibility
em,2,0.16169883524420697,oddball:bleached,0.15164316034960498,responsibility
em,2,0.16169883524420697,oddball:healthy,0.1801182101409497,responsibility
em,2,0.16169883524420697,pocillopora_:bleached,0.15033222917918077,responsibility
em,2,0.16169883524420697,pocillopora_:healthy,0.14732881260050046,responsibility
em,2,0.16169883524420697,table_acropora:bleached,0.17570940117751682,responsibility
em,2,0.16169883524420697,table_acropora:healthy,0.1234001553897358,responsibility
em,3,0.1936523901813954,branching_acropora:bleached,0.1430501980089961,responsibility
em,3,0.1936523901813954,branching_acropora:healthy,0.22155104233612125,responsibility
em,3,0.1936523901813954,finger_acropora:bleached,0.18935583466488845,responsibility
em,3,0.1936523901813954,finger_acropora:healthy,0.17092318211347296,responsibility
em,3,0.1936523901813954,finger_porites:bleached,0.18959343652736638,responsibility
em,3,0.1936523901813954,finger_porites:healthy,0.1567923523110605,responsibility
em,3,0.1936523901813954,knob_porites:bleached,0.1657042379898107,responsibility
em,3,0.1936523901813954,knob_porites:healthy,0.16512718847747934,responsibility
em,3,0.1936523901813954,mounding_:bleached,0.24383501373209765,responsibility
em,3,0.1936523901813954,mounding_:healthy,0.2289777279948985,responsibility
em,3,0.1936523901813954,noncoral,0.2014541730437281,responsibility
em,3,0.1936523901813954,oddball:bleached,0.141008557457368,responsibility
em,3,0.1936523901813954,oddball:healthy,0.23464007707255433,responsibility
em,3,0.1936523901813954,pocillopora_:bleached,0.19027878683786215,responsibility
em,3,0.1936523901813954,pocillopora_:healthy,0.22090854435082202,responsibility
em,3,0.1936523901813954,table_acropora:bleached,0.1767307617137879,responsibility
em,3,0.1936523901813954,table_acropora:healthy,0.22732682825844716,responsibility
em,4,0.24003662803814402,branching_acropora:bleached,0.304986378939842,responsibility
em,4,0.24003662803814402,branching_acropora:healthy,0.21499439353009006,responsibility
em,4,0.24003662803814402,finger_acropora:bleached,0.17603412677864583,responsibility
em,4,0.24003662803814402,finger_acropora:healthy,0.2636711919280688,responsibility
em,4,0.24003662803814402,finger_porites:bleached,0.22516377260707676,responsibility
em,4,0.24003662803814402,finger_porites:healthy,0.3158626133584569,responsibility
em,4,0.24003662803814402,knob_porites:bleached,0.24271188539371272,responsibility
em,4,0.24003662803814402,knob_porites:healthy,0.1911994963436261,responsibility
em,4,0.24003662803814402,mounding_:bleached,0.2354124251639499,responsibility
em,4,0.24003662803814402,mounding_:healthy,0.2127218028789061,responsibility
em,4,0.24003662803814402,noncoral,0.24458718879559446,responsibility
em,4,0.24003662803814402,oddball:bleached,0.227914771883715,responsibility
em,4,0.24003662803814402,oddball:healthy,0.19606047537845317,responsibility
em,4,0.24003662803814402,pocillopora_:bleached,0.24173907474257172,responsibility
em,4,0.24003662803814402,pocillopora_:healthy,0.24423765539908482,responsibility
em,4,0.24003662803814402,table_acropora:bleached,0.2575763027950604,responsibility
em,4,0.24003662803814402,table_acropora:healthy,0.2515622760440216,responsibility
em,5,0.24932045832015248,branching_acropora:bleached,0.2859183859136053,responsibility
em,5,0.24932045832015248,branching_acropora:healthy,0.22563609314298366,responsibility
em,5,0.24932045832015248,finger_acropora:bleached,0.23004878466412076,responsibility
em,5,0.24932045832015248,finger_acropora:healthy,0.25802779962719957,responsibility
em,5,0.24932045832015248,finger_porites:bleached,0.27060790334281454,responsibility
em,5,0.24932045832015248,finger_porites:healthy,0.19841712440392034,responsibility
em,5,0.24932045832015248,knob_porites:bleached,0.2598161131977925,responsibility
em,5,0.24932045832015248,knob_porites:healthy,0.28850131842533655,responsibility
em,5,0.24932045832015248,mounding_:bleached,0.20925562536796782,responsibility
em,5,0.24932045832015248,mounding_:healthy,0.25902844771733397,responsibility
em,5,0.24932045832015248,noncoral,0.24081995197996306,responsibility
em,5,0.24932045832015248,oddball:bleached,0.30956222011532974,responsibility
em,5,0.24932045832015248,oddball:healthy,0.2342841424816979,responsibility
em,5,0.24932045832015248,pocillopora_:bleached,0.27032756032542044,responsibility
em,5,0.24932045832015248,pocillopora_:healthy,0.26086759439252066,responsibility
em,5,0.24932045832015248,table_acropora:bleached,0.2619484646589658,responsibility
em,5,0.24932045832015248,table_acropora:healthy,0.23995337733599373,responsibility
linear,1,0.1853857419321807,branching_acropora:bleached,0.16912992270424995,self_weight
linear,1,0.1853857419321807,branching_acropora:healthy,0.15708011078350279,self_weight
linear,1,0.1853857419321807,finger_acropora:bleached,0.21656823824517443,self_weight
linear,1,0.1853857419321807,finger_acropora:healthy,0.10802545067031503,self_weight
linear,1,0.1853857419321807,finger_porites:bleached,0.25054546820468143,self_weight
linear,1,0.1853857419321807,finger_porites:healthy,0.2374764593943069,self_weight
linear,1,0.1853857419321807,knob_porites:bleached,0.3331606499220043,self_weight
linear,1,0.1853857419321807,knob_porites:healthy,0.14309014865492387,self_weight
linear,1,0.1853857419321807,mounding_:bleached,0.21280398544500548,self_weight
linear,1,0.1853857419321807,mounding_:healthy,0.10947759524219595,self_weight
linear,1,0.1853857419321807,noncoral,0.1427976516202382,self_weight
linear,1,0.1853857419321807,oddball:bleached,0.2978020536733484,self_weight
linear,1,0.1853857419321807,oddball:healthy,0.24029628706488715,self_weight
linear,1,0.1853857419321807,pocillopora_:bleached,0.26733120196757465,self_weight
linear,1,0.1853857419321807,pocillopora_:healthy,0.11639528160427841,self_weight
linear,1,0.1853857419321807,table_acropora:bleached,0.12804637786608783,self_weight
linear,1,0.1853857419321807,table_acropora:healthy,0.17286718056151684,self_weight
linear,2,0.17640814076977226,branching_acropora:bleached,0.18367789425184683,self_weight
linear,2,0.17640814076977226,branching_acropora:healthy,0.16179335487552082,self_weight
linear,2,0.17640814076977226,finger_acropora:bleached,0.21281611887576826,self_weight
linear,2,0.17640814076977226,finger_acropora:healthy,0.18716575952292705,self_weight
linear,2,0.17640814076977226,finger_porites:bleached,0.1219298891731937,self_weight
linear,2,0.17640814076977226,finger_porites:healthy,0.20703065042715532,self_weight
linear,2,0.17640814076977226,knob_porites:bleached,0.15075414439553536,self_weight
linear,2,0.17640814076977226,knob_porites:healthy,0.22859208596149874,self_weight
linear,2,0.17640814076977226,mounding_:bleached,0.1537875512622626,self_weight
linear,2,0.17640814076977226,mounding_:healthy,0.21627664926400988,self_weight
linear,2,0.17640814076977226,noncoral,0.19864368791970424,self_weight
linear,2,0.17640814076977226,oddball:bleached,0.21119014577011694,self_weight
linear,2,0.17640814076977226,oddball:healthy,0.17768820956175188,self_weight
linear,2,0.17640814076977226,pocillopora_:bleached,0.11462103473397221,self_weight
linear,2,0.17640814076977226,pocillopora_:healthy,0.2294197454281982,self_weight
linear,2,0.17640814076977226,table_acropora:bleached,0.22554254322122944,self_weight
linear,2,0.17640814076977226,table_acropora:healthy,0.1620166694578533,self_weight
linear,3,0.1858943347139494,branching_acropora:bleached,0.16868329074864016,self_weight
linear,3,0.1858943347139494,branching_acropora:healthy,0.24436975766052968,self_weight
linear,3,0.1858943347139494,finger_acropora:bleached,0.13635402744880176,self_weight
linear,3,0.1858943347139494,finger_acropora:healthy,0.2335411177971249,self_weight
linear,3,0.1858943347139494,finger_porites:bleached,0.11046249301441967,self_weight
linear,3,0.1858943347139494,finger_porites:healthy,0.3020187293913319,self_weight
linear,3,0.1858943347139494,knob_porites:bleached,0.07509342464113965,self_weight
linear,3,0.1858943347139494,knob_porites:healthy,0.18668457255394363,self_weight
linear,3,0.1858943347139494,mounding_:bleached,0.25385192176994886,self_weight
linear,3,0.1858943347139494,mounding_:healthy,0.25696620506627105,self_weight
linear,3,0.1858943347139494,noncoral,0.16635922400207945,self_weight
linear,3,0.1858943347139494,oddball:bleached,0.09522731847134162,self_weight
linear,3,0.1858943347139494,oddball:healthy,0.2764394654823658,self_weight
linear,3,0.1858943347139494,pocillopora_:bleached,0.1902206471429369,self_weight
linear,3,0.1858943347139494,pocillopora_:healthy,0.11024042488493606,self_weight
linear,3,0.1858943347139494,table_acropora:bleached,0.2261685723284273,self_weight
linear,3,0.1858943347139494,table_acropora:healthy,0.27927412944950536,self_weight
linear,4,0.2222694882263937,branching_acropora:bleached,0.2464448097120851,self_weight
linear,4,0.2222694882263937,branching_acropora:healthy,0.23173984540171508,self_weight
linear,4,0.2222694882263937,finger_acropora:bleached,0.2073346909239887,self_weight
linear,4,0.2222694882263937,finger_acropora:healthy,0.22915601380410816,self_weight
linear,4,0.2222694882263937,finger_porites:bleached,0.18274367593071827,self_weight
linear,4,0.2222694882263937,finger_porites:healthy,0.18712417710537824,self_weight
linear,4,0.2222694882263937,knob_porites:bleached,0.1791293609177075,self_weight
linear,4,0.2222694882263937,knob_porites:healthy,0.1551124974253062,self_weight
linear,4,0.2222694882263937,mounding_:bleached,0.23387882426223724,self_weight
linear,4,0.2222694882263937,mounding_:healthy,0.24340285788076427,self_weight
linear,4,0.2222694882263937,noncoral,0.20496859027007633,self_weight
linear,4,0.2222694882263937,oddball:bleached,0.17998487409366606,self_weight
linear,4,0.2222694882263937,oddball:healthy,0.3313330908886191,self_weight
linear,4,0.2222694882263937,pocillopora_:bleached,0.24774581504802037,self_weight
linear,4,0.2222694882263937,pocillopora_:healthy,0.39339051995708807,self_weight
linear,4,0.2222694882263937,table_acropora:bleached,0.27275640673368745,self_weight
linear,4,0.2222694882263937,table_acropora:healthy,0.2337811099662117,self_weight
linear,5,0.230042294357704,branching_acropora:bleached,0.31051466058540605,self_weight
linear,5,0.230042294357704,branching_acropora:healthy,0.23782555109543324,self_weight
linear,5,0.230042294357704,finger_acropora:bleached,0.13906883912188683,self_weight
linear,5,0.230042294357704,finger_acropora:healthy,0.18880737498472464,self_weight
linear,5,0.230042294357704,finger_porites:bleached,0.34545011644377477,self_weight
linear,5,0.230042294357704,finger_porites:healthy,0.2478616793967258,self_weight
linear,5,0.230042294357704,knob_porites:bleached,0.2659279013491295,self_weight
linear,5,0.230042294357704,knob_porites:healthy,0.3984020000545537,self_weight
linear,5,0.230042294357704,mounding_:bleached,0.10004063861850429,self_weight
linear,5,0.230042294357704,mounding_:healthy,0.1752294746033779,self_weight
linear,5,0.230042294357704,noncoral,0.21582487627793823,self_weight
linear,5,0.230042294357704,oddball:bleached,0.31426906158891105,self_weight
linear,5,0.230042294357704,oddball:healthy,0.24134458206737314,self_weight
linear,5,0.230042294357704,pocillopora_:bleached,0.2949919512918797,self_weight
linear,5,0.230042294357704,pocillopora_:healthy,0.17665331745412022,self_weight
linear,5,0.230042294357704,table_acropora:bleached,0.2711489745069354,self_weight
linear,5,0.230042294357704,table_acropora:healthy,0.1751490612442019,self_weight
adam,1,0.1895381738496759,branching_acropora:bleached,0.13491108683214006,responsibility
adam,1,0.1895381738496759,branching_acropora:healthy,0.22064865268211065,responsibility
adam,1,0.1895381738496759,finger_acropora:bleached,0.27140775491227687,responsibility
adam,1,0.1895381738496759,finger_acropora:healthy,0.162349359051327,responsibility
adam,1,0.1895381738496759,finger_porites:bleached,0.19637364435531726,responsibility
adam,1,0.1895381738496759,finger_porites:healthy,0.19842008971181763,responsibility
adam,1,0.1895381738496759,knob_porites:bleached,0.21030099145586445,responsibility
adam,1,0.1895381738496759,knob_porites:healthy,0.21663499185846483,responsibility
adam,1,0.1895381738496759,mounding_:bleached,0.16811062480323397,responsibility
adam,1,0.1895381738496759,mounding_:healthy,0.16245634209278687,responsibility
adam,1,0.1895381738496759,noncoral,0.19402134113322725,responsibility
adam,1,0.1895381738496759,oddball:bleached,0.20345687812575072,responsibility
adam,1,0.1895381738496759,oddball:healthy,0.18104308508533568,responsibility
adam,1,0.1895381738496759,pocillopora_:bleached,0.17210389430660275,responsibility
adam,1,0.1895381738496759,pocillopora_:healthy,0.1554869170073592,responsibility
adam,1,0.1895381738496759,table_acropora:bleached,0.16692269150296704,responsibility
adam,1,0.1895381738496759,table_acropora:healthy,0.1802417869418031,responsibility
adam,2,0.0009439152721651707,branching_acropora:bleached,0.003191306277668518,responsibility
adam,2,0.0009439152721651707,branching_acropora:healthy,5.177928744413804e-05,responsibility
adam,2,0.0009439152721651707,finger_acropora:bleached,9.495107642334295e-07,responsibility
adam,2,0.0009439152721651707,finger_acropora:healthy,4.594326699393359e-06,responsibility
adam,2,0.0009439152721651707,finger_porites:bleached,6.474494014085174e-08,responsibility
adam,2,0.0009439152721651707,finger_porites:healthy,3.714741296868179e-07,responsibility
adam,2,0.0009439152721651707,knob_porites:bleached,7.696386684205615e-10,responsibility
adam,2,0.0009439152721651707,knob_porites:healthy,0.0030806904894571585,responsibility
adam,2,0.0009439152721651707,mounding_:bleached,1.4436854109557342e-06,responsibility
adam,2,0.0009439152721651707,mounding_:healthy,1.6308983866375846e-06,responsibility
adam,2,0.0009439152721651707,noncoral,0.001149102112991538,responsibility
adam,2,0.0009439152721651707,oddball:bleached,7.244941215411126e-07,responsibility
adam,2,0.0009439152721651707,oddball:healthy,0.010428359552575654,responsibility
adam,2,0.0009439152721651707,pocillopora_:bleached,4.814211462339336e-07,responsibility
adam,2,0.0009439152721651707,pocillopora_:healthy,9.029186850267662e-07,responsibility
adam,2,0.0009439152721651707,table_acropora:bleached,6.024317443887758e-07,responsibility
adam,2,0.0009439152721651707,table_acropora:healthy,1.8478326215945834e-06,responsibility
adam,3,0.22721809155902162,branching_acropora:bleached,0.15722035960194433,responsibility
adam,3,0.22721809155902162,branching_acropora:healthy,0.2605229943383502,responsibility
adam,3,0.22721809155902162,finger_acropora:bleached,0.23515304946081872,responsibility
adam,3,0.22721809155902162,finger_acropora:healthy,0.2059310781855855,responsibility
adam,3,0.22721809155902162,finger_porites:bleached,0.22272108720104228,responsibility
adam,3,0.22721809155902162,finger_porites:healthy,0.20037327096203675,responsibility
adam,3,0.22721809155902162,knob_porites:bleached,0.196970625768716,responsibility
adam,3,0.22721809155902162,knob_porites:healthy,0.1824181963362211,responsibility
adam,3,0.22721809155902162,mounding_:bleached,0.2726229512895351,responsibility
adam,3,0.22721809155902162,mounding_:healthy,0.27910173347865624,responsibility
adam,3,0.22721809155902162,noncoral,0.23394452514173464,responsibility
adam,3,0.22721809155902162,oddball:bleached,0.1646666315189299,responsibility
adam,3,0.22721809155902162,oddball:healthy,0.2629404060053527,responsibility
adam,3,0.22721809155902162,pocillopora_:bleached,0.22644847532701698,responsibility
adam,3,0.22721809155902162,pocillopora_:healthy,0.2526947085358344,responsibility
adam,3,0.22721809155902162,table_acropora:bleached,0.2177524049840726,responsibility
adam,3,0.22721809155902162,table_acropora:healthy,0.26184536014293897,responsibility
adam,4,0.28636839975929984,branching_acropora:bleached,0.36589279217635945,responsibility
adam,4,0.28636839975929984,branching_acropora:healthy,0.2522527895485938,responsibility
adam,4,0.28636839975929984,finger_acropora:bleached,0.2235120499372253,responsibility
adam,4,0.28636839975929984,finger_acropora:healthy,0.31741447664510075,responsibility
adam,4,0.28636839975929984,finger_porites:bleached,0.26220359389773384,responsibility
adam,4,0.28636839975929984,finger_porites:healthy,0.37987528427910366,responsibility
adam,4,0.28636839975929984,knob_porites:bleached,0.28727620608741855,responsibility
adam,4,0.28636839975929984,knob_porites:healthy,0.24217187599979767,responsibility
adam,4,0.28636839975929984,mounding_:bleached,0.2909917559967677,responsibility
adam,4,0.28636839975929984,mounding_:healthy,0.2566172894977213,responsibility
adam,4,0.28636839975929984,noncoral,0.28570305785163636,responsibility
adam,4,0.28636839975929984,oddball:bleached,0.2749681081399832,responsibility
adam,4,0.28636839975929984,oddball:healthy,0.26198643853119163,responsibility
adam,4,0.28636839975929984,pocillopora_:bleached,0.28360570657690776,responsibility
adam,4,0.28636839975929984,pocillopora_:healthy,0.2879905003992772,responsibility
adam,4,0.28636839975929984,table_acropora:bleached,0.3021690706637687,responsibility
adam,4,0.28636839975929984,table_acropora:healthy,0.2823162331200229,responsibility
adam,5,0.29593141955983754,branching_acropora:bleached,0.3387844551118873,responsibility
adam,5,0.29593141955983754,branching_acropora:healthy,0.2665237841435009,responsibility
adam,5,0.29593141955983754,finger_acropora:bleached,0.26992619617891506,responsibility
adam,5,0.29593141955983754,finger_acropora:healthy,0.31430049179128755,responsibility
adam,5,0.29593141955983754,finger_porites:bleached,0.3187016098009667,responsibility
adam,5,0.29593141955983754,finger_porites:healthy,0.22133098357291228,responsibility
adam,5,0.29593141955983754,knob_porites:bleached,0.305452175918362,responsibility
adam,5,0.29593141955983754,knob_porites:healthy,0.35569424531605903,responsibility
adam,5,0.29593141955983754,mounding_:bleached,0.2682732242250522,responsibility
adam,5,0.29593141955983754,mounding_:healthy,0.3018230040324495,responsibility
adam,5,0.29593141955983754,noncoral,0.2851819737604089,responsibility
adam,5,0.29593141955983754,oddball:bleached,0.35690765772121463,responsibility
adam,5,0.29593141955983754,oddball:healthy,0.28360171082554414,responsibility
adam,5,0.29593141955983754,pocillopora_:bleached,0.31784144236832595,responsibility
adam,5,0.29593141955983754,pocillopora_:healthy,0.30382697113884455,responsibility
adam,5,0.29593141955983754,table_acropora:bleached,0.3131552304174471,responsibility
adam,5,0.29593141955983754,table_acropora:healthy,0.27559477196261367,responsibility
reweight,1,0.16892947266331204,branching_acropora:bleached,0.13044361772381027,responsibility
reweight,1,0.16892947266331204,branching_acropora:healthy,0.1936724579696211,responsibility
reweight,1,0.16892947266331204,finger_acropora:bleached,0.3035412675904252,responsibility
reweight,1,0.16892947266331204,finger_acropora:healthy,0.10596007936296717,responsibility
reweight,1,0.16892947266331204,finger_porites:bleached,0.169733077645191,responsibility
reweight,1,0.16892947266331204,finger_porites:healthy,0.16361301775052228,responsibility
reweight,1,0.16892947266331204,knob_porites:bleached,0.1772391741362468,responsibility
reweight,1,0.16892947266331204,knob_porites:healthy,0.1727957612971994,responsibility
reweight,1,0.16892947266331204,mounding_:bleached,0.22600779681341604,responsibility
reweight,1,0.16892947266331204,mounding_:healthy,0.09331023408999245,responsibility
reweight,1,0.16892947266331204,noncoral,0.17815135085282358,responsibility
reweight,1,0.16892947266331204,oddball:bleached,0.17527930269677264,responsibility
reweight,1,0.16892947266331204,oddball:healthy,0.15821002165505513,responsibility
reweight,1,0.16892947266331204,pocillopora_:bleached,0.16099416783799278,responsibility
reweight,1,0.16892947266331204,pocillopora_:healthy,0.14028465752714864,responsibility
reweight,1,0.16892947266331204,table_acropora:bleached,0.13443646662707437,responsibility
reweight,1,0.16892947266331204,table_acropora:healthy,0.1842977451443824,responsibility
reweight,2,0.14345261327032938,branching_acropora:bleached,0.13326313113898156,responsibility
reweight,2,0.14345261327032938,branching_acropora:healthy,0.12808014066899542,responsibility
reweight,2,0.14345261327032938,finger_acropora:bleached,0.1903993872484142,responsibility
reweight,2,0.14345261327032938,finger_acropora:healthy,0.16286991169159695,responsibility
reweight,2,0.14345261327032938,finger_porites:bleached,0.13391615362761358,responsibility
reweight,2,0.14345261327032938,finger_porites:healthy,0.1537540709548417,responsibility
reweight,2,0.14345261327032938,knob_porites:bleached,0.1433408230515533,responsibility
reweight,2,0.14345261327032938,knob_porites:healthy,0.1714177081636829,responsibility
reweight,2,0.14345261327032938,mounding_:bleached,0.20963073883689498,responsibility
reweight,2,0.14345261327032938,mounding_:healthy,0.12627901660704668,responsibility
reweight,2,0.14345261327032938,noncoral,0.12845062354061892,responsibility
reweight,2,0.14345261327032938,oddball:bleached,0.12891024702689138,responsibility
reweight,2,0.14345261327032938,oddball:healthy,0.13544452593632883,responsibility
reweight,2,0.14345261327032938,pocillopora_:bleached,0.12534755399972572,responsibility
reweight,2,0.14345261327032938,pocillopora_:healthy,0.14355188278873354,responsibility
reweight,2,0.14345261327032938,table_acropora:bleached,0.14274931177276962,responsibility
reweight,2,0.14345261327032938,table_acropora:healthy,0.1301838302291869,responsibility
reweight,3,0.18445718730620675,branching_acropora:bleached,0.15272043845064093,responsibility
reweight,3,0.18445718730620675,branching_acropora:healthy,0.22059547391992368,responsibility
reweight,3,0.18445718730620675,finger_acropora:bleached,0.22217095024295538,responsibility
reweight,3,0.18445718730620675,finger_acropora:healthy,0.13716459897591715,responsibility
reweight,3,0.18445718730620675,finger_porites:bleached,0.181778799295412,responsibility
reweight,3,0.18445718730620675,finger_porites:healthy,0.18871661144922788,responsibility
reweight,3,0.18445718730620675,knob_porites:bleached,0.167479139077934,responsibility
reweight,3,0.18445718730620675,knob_porites:healthy,0.17119450030569908,responsibility
reweight,3,0.18445718730620675,mounding_:bleached,0.21343619738296774,responsibility
reweight,3,0.18445718730620675,mounding_:healthy,0.2464339178209769,responsibility
reweight,3,0.18445718730620675,noncoral,0.1725057216792453,responsibility
reweight,3,0.18445718730620675,oddball:bleached,0.15177635063494094,responsibility
reweight,3,0.18445718730620675,oddball:healthy,0.24077429494716177,responsibility
reweight,3,0.18445718730620675,pocillopora_:bleached,0.19261131133561393,responsibility
reweight,3,0.18445718730620675,pocillopora_:healthy,0.1909499416322186,responsibility
reweight,3,0.18445718730620675,table_acropora:bleached,0.1881683598659174,responsibility
reweight,3,0.18445718730620675,table_acropora:healthy,0.267113461872282,responsibility
reweight,4,0.24354676542105233,branching_acropora:bleached,0.2934510222987703,responsibility
reweight,4,0.24354676542105233,branching_acropora:healthy,0.21365332075512367,responsibility
reweight,4,0.24354676542105233,finger_acropora:bleached,0.12974196025198162,responsibility
reweight,4,0.24354676542105233,finger_acropora:healthy,0.30243924991694254,responsibility
reweight,4,0.24354676542105233,finger_porites:bleached,0.23673837378115625,responsibility
reweight,4,0.24354676542105233,finger_porites:healthy,0.2758228299502167,responsibility
reweight,4,0.24354676542105233,knob_porites:bleached,0.24558749661165782,responsibility
reweight,4,0.24354676542105233,knob_porites:healthy,0.17759956271968314,responsibility
reweight,4,0.24354676542105233,mounding_:bleached,0.15073891554168728,responsibility
reweight,4,0.24354676542105233,mounding_:healthy,0.24824357764876268,responsibility
reweight,4,0.24354676542105233,noncoral,0.25453144416857854,responsibility
reweight,4,0.24354676542105233,oddball:bleached,0.2373163935079263,responsibility
reweight,4,0.24354676542105233,oddball:healthy,0.2285409624403166,responsibility
reweight,4,0.24354676542105233,pocillopora_:bleached,0.2452817366944201,responsibility
reweight,4,0.24354676542105233,pocillopora_:healthy,0.2678488952979781,responsibility
reweight,4,0.24354676542105233,table_acropora:bleached,0.2631065044089479,responsibility
reweight,4,0.24354676542105233,table_acropora:healthy,0.21706469329879233,responsibility
reweight,5,0.25961396133909787,branching_acropora:bleached,0.2901217903877968,responsibility
reweight,5,0.25961396133909787,branching_acropora:healthy,0.24399860668633594,responsibility
reweight,5,0.25961396133909787,finger_acropora:bleached,0.15414643466622377,responsibility
reweight,5,0.25961396133909787,finger_acropora:healthy,0.29156616005257624,responsibility
reweight,5,0.25961396133909787,finger_porites:bleached,0.27783359565062726,responsibility
reweight,5,0.25961396133909787,finger_porites:healthy,0.21809346989519163,responsibility
reweight,5,0.25961396133909787,knob_porites:bleached,0.2663533671226081,responsibility
reweight,5,0.25961396133909787,knob_porites:healthy,0.30699246751373555,responsibility
reweight,5,0.25961396133909787,mounding_:bleached,0.2001863514250339,responsibility
reweight,5,0.25961396133909787,mounding_:healthy,0.2857332538332214,responsibility
reweight,5,0.25961396133909787,noncoral,0.26636085975873697,responsibility
reweight,5,0.25961396133909787,oddball:bleached,0.30671770613346905,responsibility
reweight,5,0.25961396133909787,oddball:healthy,0.23703019502113798,responsibility
reweight,5,0.25961396133909787,pocillopora_:bleached,0.27576523013224774,responsibility
reweight,5,0.25961396133909787,pocillopora_:healthy,0.25736462275392114,responsibility
reweight,5,0.25961396133909787,table_acropora:bleached,0.2715393573252906,responsibility
reweight,5,0.25961396133909787,table_acropora:healthy,0.2013402694553564,responsibility
multinomial,1,,branching_acropora:bleached,0.08437899705351645,calibration_beta
multinomial,1,,branching_acropora:healthy,0.18638914704147352,calibration_beta
multinomial,1,,finger_acropora:bleached,0.15265292029324776,calibration_beta
multinomial,1,,finger_acropora:healthy,0.0339223081518317,calibration_beta
multinomial,1,,finger_porites:bleached,0.23473462081038182,calibration_beta
multinomial,1,,finger_porites:healthy,0.14044266269316505,calibration_beta
multinomial,1,,knob_porites:bleached,0.21117124495054318,calibration_beta
multinomial,1,,knob_porites:healthy,0.10766635202615729,calibration_beta
multinomial,1,,mounding_:bleached,0.07223112811485735,calibration_beta
multinomial,1,,mounding_:healthy,0.04400527377273039,calibration_beta
multinomial,1,,noncoral,0.23378703438381318,calibration_beta
multinomial,1,,oddball:bleached,0.1392708825219303,calibration_beta
multinomial,1,,oddball:healthy,0.07899208994902386,calibration_beta
multinomial,1,,pocillopora_:bleached,0.19152027763741516,calibration_beta
multinomial,1,,pocillopora_:healthy,0.16672513856251006,calibration_beta
multinomial,1,,table_acropora:bleached,0.04751607996545348,calibration_beta
multinomial,1,,table_acropora:healthy,0.07627306626635136,calibration_beta
multinomial,2,,branching_acropora:bleached,0.19492898254651053,calibration_beta
multinomial,2,,branching_acropora:healthy,0.06090184101265886,calibration_beta
multinomial,2,,finger_acropora:bleached,0.10830163599504132,calibration_beta
multinomial,2,,finger_acropora:healthy,0.11343040782022583,calibration_beta
multinomial,2,,finger_porites:bleached,0.03866926187086315,calibration_beta
multinomial,2,,finger_porites:healthy,0.18112230320234596,calibration_beta
multinomial,2,,knob_porites:bleached,0.12102136815188946,calibration_beta
multinomial,2,,knob_porites:healthy,0.14533086574769433,calibration_beta
multinomial,2,,mounding_:bleached,0.15371099082820489,calibration_beta
multinomial,2,,mounding_:healthy,0.10763306892769335,calibration_beta
multinomial,2,,noncoral,0.2228198378082614,calibration_beta
multinomial,2,,oddball:bleached,0.08995632021475075,calibration_beta
multinomial,2,,oddball:healthy,0.10575118309321087,calibration_beta
multinomial,2,,pocillopora_:bleached,0.05114133266264023,calibration_beta
multinomial,2,,pocillopora_:healthy,0.04820690085048997,calibration_beta
multinomial,2,,table_acropora:bleached,0.15277887002197557,calibration_beta
multinomial,2,,table_acropora:healthy,0.09660019214428436,calibration_beta
multinomial,3,,branching_acropora:bleached,0.125524228818533,calibration_beta
multinomial,3,,branching_acropora:healthy,0.20801196525195534,calibration_beta
multinomial,3,,finger_acropora:bleached,0.1482889411799491,calibration_beta
multinomial,3,,finger_acropora:healthy,0.13363302942888208,calibration_beta
multinomial,3,,finger_porites:bleached,0.16006132524009442,calibration_beta
multinomial,3,,finger_porites:healthy,0.10402767129703198,calibration_beta
multinomial,3,,knob_porites:bleached,0.25143656904719747,calibration_beta
multinomial,3,,knob_porites:healthy,0.00581861902341444,calibration_beta
multinomial,3,,mounding_:bleached,0.18568781820559246,calibration_beta
multinomial,3,,mounding_:healthy,0.20496623939924777,calibration_beta
multinomial,3,,noncoral,0.31668819037591117,calibration_beta
multinomial,3,,oddball:bleached,0.06568352475777706,calibration_beta
multinomial,3,,oddball:healthy,0.18831672756667525,calibration_beta
multinomial,3,,pocillopora_:bleached,0.13972408959292468,calibration_beta
multinomial,3,,pocillopora_:healthy,0.12713582714274,calibration_beta
multinomial,3,,table_acropora:bleached,0.14587051099235818,calibration_beta
multinomial,3,,table_acropora:healthy,0.2019271193605482,calibration_beta
multinomial,4,,branching_acropora:bleached,0.2361376359076351,calibration_beta
multinomial,4,,branching_acropora:healthy,0.19524511696810548,calibration_beta
multinomial,4,,finger_acropora:bleached,0.12664898151584825,calibration_beta
multinomial,4,,finger_acropora:healthy,0.1996266549753465,calibration_beta
multinomial,4,,finger_porites:bleached,0.11928012822162815,calibration_beta
multinomial,4,,finger_porites:healthy,0.16871829373823644,calibration_beta
multinomial,4,,knob_porites:bleached,0.03656782261675995,calibration_beta
multinomial,4,,knob_porites:healthy,0.13963682887733295,calibration_beta
multinomial,4,,mounding_:bleached,0.11505770863234459,calibration_beta
multinomial,4,,mounding_:healthy,0.18166168149332906,calibration_beta
multinomial,4,,noncoral,0.2909576894455791,calibration_beta
multinomial,4,,oddball:bleached,0.1850407953038439,calibration_beta
multinomial,4,,oddball:healthy,0.11384371566689912,calibration_beta
multinomial,4,,pocillopora_:bleached,0.1285859160679201,calibration_beta
multinomial,4,,pocillopora_:healthy,0.17471016292968172,calibration_beta
multinomial,4,,table_acropora:bleached,0.14993068524639488,calibration_beta
multinomial,4,,table_acropora:healthy,0.21385137386768982,calibration_beta
multinomial,5,,branching_acropora:bleached,0.17406341705383413,calibration_beta
multinomial,5,,branching_acropora:healthy,0.12462424286143349,calibration_beta
multinomial,5,,finger_acropora:bleached,0.12133646536340546,calibration_beta
multinomial,5,,finger_acropora:healthy,0.11707677704067086,calibration_beta
multinomial,5,,finger_porites:bleached,0.19001984774474562,calibration_beta
multinomial,5,,finger_porites:healthy,0.09880761388997726,calibration_beta
multinomial,5,,knob_porites:bleached,0.1772520500564454,calibration_beta
multinomial,5,,knob_porites:healthy,0.2550376980438661,calibration_beta
multinomial,5,,mounding_:bleached,0.06454718182140912,calibration_beta
multinomial,5,,mounding_:healthy,0.08236002776324565,calibration_beta
multinomial,5,,noncoral,0.3046713846649807,calibration_beta
multinomial,5,,oddball:bleached,0.22741577664356097,calibration_beta
multinomial,5,,oddball:healthy,0.13618523087421217,calibration_beta
multinomial,5,,pocillopora_:bleached,0.18126282148279713,calibration_beta
multinomial,5,,pocillopora_:healthy,0.12524631740731595,calibration_beta
multinomial,5,,table_acropora:bleached,0.2582094914492057,calibration_beta
multinomial,5,,table_acropora:healthy,0.1346663575862079,calibration_beta
nn,1,0.21161529062948148,branching_acropora:bleached,0.25026749775378226,input_sensitivity
nn,1,0.21161529062948148,branching_acropora:healthy,0.2063812824367138,input_sensitivity
nn,1,0.21161529062948148,finger_acropora:bleached,0.20583257199013952,input_sensitivity
nn,1,0.21161529062948148,finger_acropora:healthy,0.17794675668829268,input_sensitivity
nn,1,0.21161529062948148,finger_porites:bleached,0.2137104273661753,input_sensitivity
nn,1,0.21161529062948148,finger_porites:healthy,0.22291819011006914,input_sensitivity
nn,1,0.21161529062948148,knob_porites:bleached,0.1983537497439588,input_sensitivity
nn,1,0.21161529062948148,knob_porites:healthy,0.23119957863431204,input_sensitivity
nn,1,0.21161529062948148,mounding_:bleached,0.19897930068922676,input_sensitivity
nn,1,0.21161529062948148,mounding_:healthy,0.22081583406446298,input_sensitivity
nn,1,0.21161529062948148,noncoral,0.15052027147367358,input_sensitivity
nn,1,0.21161529062948148,oddball:bleached,0.19348867271390674,input_sensitivity
nn,1,0.21161529062948148,oddball:healthy,0.2168994041584753,input_sensitivity
nn,1,0.21161529062948148,pocillopora_:bleached,0.30239113416721874,input_sensitivity
nn,1,0.21161529062948148,pocillopora_:healthy,0.23590829987001,input_sensitivity
nn,1,0.21161529062948148,table_acropora:bleached,0.2567990498927227,input_sensitivity
nn,1,0.21161529062948148,table_acropora:healthy,0.23476118658832534,input_sensitivity
nn,2,0.20321834566043895,branching_acropora:bleached,0.18298894698870272,input_sensitivity
nn,2,0.20321834566043895,branching_acropora:healthy,0.18810481611999358,input_sensitivity
nn,2,0.20321834566043895,finger_acropora:bleached,0.20467782228174708,input_sensitivity
nn,2,0.20321834566043895,finger_acropora:healthy,0.20195913494661272,input_sensitivity
nn,2,0.20321834566043895,finger_porites:bleached,0.17638512362904643,input_sensitivity
nn,2,0.20321834566043895,finger_porites:healthy,0.23009000053357315,input_sensitivity
nn,2,0.20321834566043895,knob_porites:bleached,0.20325251541485254,input_sensitivity
nn,2,0.20321834566043895,knob_porites:healthy,0.22802227286655766,input_sensitivity
nn,2,0.20321834566043895,mounding_:bleached,0.21281143759646137,input_sensitivity
nn,2,0.20321834566043895,mounding_:healthy,0.23359821839607625,input_sensitivity
nn,2,0.20321834566043895,noncoral,0.11894339528956716,input_sensitivity
nn,2,0.20321834566043895,oddball:bleached,0.27169977904818543,input_sensitivity
nn,2,0.20321834566043895,oddball:healthy,0.24143964952218042,input_sensitivity
nn,2,0.20321834566043895,pocillopora_:bleached,0.20061303635955735,input_sensitivity
nn,2,0.20321834566043895,pocillopora_:healthy,0.20587130563739964,input_sensitivity
nn,2,0.20321834566043895,table_acropora:bleached,0.23286615995632548,input_sensitivity
nn,2,0.20321834566043895,table_acropora:healthy,0.23635127840135042,input_sensitivity
nn,3,0.19728941922835116,branching_acropora:bleached,0.1742427392700155,input_sensitivity
nn,3,0.19728941922835116,branching_acropora:healthy,0.2537340728010743,input_sensitivity
nn,3,0.19728941922835116,finger_acropora:bleached,0.2263970755563322,input_sensitivity
nn,3,0.19728941922835116,finger_acropora:healthy,0.1747433856389823,input_sensitivity
nn,3,0.19728941922835116,finger_porites:bleached,0.21109542143578386,input_sensitivity
nn,3,0.19728941922835116,finger_porites:healthy,0.24369219739189138,input_sensitivity
nn,3,0.19728941922835116,knob_porites:bleached,0.16194620393250123,input_sensitivity
nn,3,0.19728941922835116,knob_porites:healthy,0.16314172189202517,input_sensitivity
nn,3,0.19728941922835116,mounding_:bleached,0.19732532899227434,input_sensitivity
nn,3,0.19728941922835116,mounding_:healthy,0.22868350260893233,input_sensitivity
nn,3,0.19728941922835116,noncoral,0.15449411194841065,input_sensitivity
nn,3,0.19728941922835116,oddball:bleached,0.18307047707624902,input_sensitivity
nn,3,0.19728941922835116,oddball:healthy,0.2068813122032071,input_sensitivity
nn,3,0.19728941922835116,pocillopora_:bleached,0.21501183883584363,input_sensitivity
nn,3,0.19728941922835116,pocillopora_:healthy,0.2300401991497396,input_sensitivity
nn,3,0.19728941922835116,table_acropora:bleached,0.23636825726996635,input_sensitivity
nn,3,0.19728941922835116,table_acropora:healthy,0.2046612339767114,input_sensitivity
nn,4,0.19239447788275732,branching_acropora:bleached,0.1496196085727718,input_sensitivity
nn,4,0.19239447788275732,branching_acropora:healthy,0.20781469302173566,input_sensitivity
nn,4,0.19239447788275732,finger_acropora:bleached,0.19278661350166737,input_sensitivity
nn,4,0.19239447788275732,finger_acropora:healthy,0.17998561820133863,input_sensitivity
nn,4,0.19239447788275732,finger_porites:bleached,0.2269481443533995,input_sensitivity
nn,4,0.19239447788275732,finger_porites:healthy,0.1570044695604136,input_sensitivity
nn,4,0.19239447788275732,knob_porites:bleached,0.1544088165327285,input_sensitivity
nn,4,0.19239447788275732,knob_porites:healthy,0.19220269270011497,input_sensitivity
nn,4,0.19239447788275732,mounding_:bleached,0.2559609861749685,input_sensitivity
nn,4,0.19239447788275732,mounding_:healthy,0.17952703931209346,input_sensitivity
nn,4,0.19239447788275732,noncoral,0.12313408254034439,input_sensitivity
nn,4,0.19239447788275732,oddball:bleached,0.2227405918377245,input_sensitivity
nn,4,0.19239447788275732,oddball:healthy,0.2943958468470795,input_sensitivity
nn,4,0.19239447788275732,pocillopora_:bleached,0.19468658153052762,input_sensitivity
nn,4,0.19239447788275732,pocillopora_:healthy,0.2171244083692428,input_sensitivity
nn,4,0.19239447788275732,table_acropora:bleached,0.21058789637544967,input_sensitivity
nn,4,0.19239447788275732,table_acropora:healthy,0.22061786157821872,input_sensitivity
nn,5,0.19548246659897103,branching_acropora:bleached,0.1915387506570687,input_sensitivity
nn,5,0.19548246659897103,branching_acropora:healthy,0.18151850812102216,input_sensitivity
nn,5,0.19548246659897103,finger_acropora:bleached,0.15232264440907056,input_sensitivity
nn,5,0.19548246659897103,finger_acropora:healthy,0.19062165942909043,input_sensitivity
nn,5,0.19548246659897103,finger_porites:bleached,0.2492440523750984,input_sensitivity
nn,5,0.19548246659897103,finger_porites:healthy,0.1774964055121834,input_sensitivity
nn,5,0.19548246659897103,knob_porites:bleached,0.17237845859922496,input_sensitivity
nn,5,0.19548246659897103,knob_porites:healthy,0.2548558064498825,input_sensitivity
nn,5,0.19548246659897103,mounding_:bleached,0.22164727051039934,input_sensitivity
nn,5,0.19548246659897103,mounding_:healthy,0.22590657753793508,input_sensitivity
nn,5,0.19548246659897103,noncoral,0.13259510292531657,input_sensitivity
nn,5,0.19548246659897103,oddball:bleached,0.20939418092470297,input_sensitivity
nn,5,0.19548246659897103,oddball:healthy,0.2388685722684331,input_sensitivity
nn,5,0.19548246659897103,pocillopora_:bleached,0.2183291621913568,input_sensitivity
nn,5,0.19548246659897103,pocillopora_:healthy,0.2507233639822861,input_sensitivity
nn,5,0.19548246659897103,table_acropora:bleached,0.21764773168696536,input_sensitivity
nn,5,0.19548246659897103,table_acropora:healthy,0.14870042327023264,input_sensitivity
